insert into academic_year (uuid, name, code, start_date, end_date, school_id, createdby_userid, created_at, updatedby_userid, updated_at) 
values ('nebgkw2assin', '2025-26', '2025-26', '2025-04-01', '2026-03-31', '6zoptlhtok3n', 'zbtuiuwn5smc', now(), null, null);

insert into class (uuid, name, code, school_id, createdby_userid, created_at, updatedby_userid, updated_at) 
values ('17zwk7gmswr8', 'Nursery-A', 'Nursery-A', '6zoptlhtok3n', 'zbtuiuwn5smc', now(), null, null);
insert into class (uuid, name, code, school_id, createdby_userid, created_at, updatedby_userid, updated_at) 
values ('pjhdiyrasumd', 'Nursery-B', 'Nursery-B', '6zoptlhtok3n', 'zbtuiuwn5smc', now(), null, null);
insert into class (uuid, name, code, school_id, createdby_userid, created_at, updatedby_userid, updated_at) 
values ('bhr4ff1scjq4', 'LKG-A', 'LKG-A', '6zoptlhtok3n', 'zbtuiuwn5smc', now(), null, null);
insert into class (uuid, name, code, school_id, createdby_userid, created_at, updatedby_userid, updated_at) 
values ('nv7cjmelzmfl', 'LKG-B', 'LKG-B', '6zoptlhtok3n', 'zbtuiuwn5smc', now(), null, null);
insert into class (uuid, name, code, school_id, createdby_userid, created_at, updatedby_userid, updated_at) 
values ('2g5lcuw8i3y9', 'UKG-A', 'UKG-A', '6zoptlhtok3n', 'zbtuiuwn5smc', now(), null, null);
insert into class (uuid, name, code, school_id, createdby_userid, created_at, updatedby_userid, updated_at) 
values ('077iegqkq2ej', 'UKG-B', 'UKG-B', '6zoptlhtok3n', 'zbtuiuwn5smc', now(), null, null);
insert into class (uuid, name, code, school_id, createdby_userid, created_at, updatedby_userid, updated_at) 
values ('v506tm39v742', 'I-A', 'I-A', '6zoptlhtok3n', 'zbtuiuwn5smc', now(), null, null);
insert into class (uuid, name, code, school_id, createdby_userid, created_at, updatedby_userid, updated_at) 
values ('cqpghsmp35cc', 'I-B', 'I-B', '6zoptlhtok3n', 'zbtuiuwn5smc', now(), null, null);
insert into class (uuid, name, code, school_id, createdby_userid, created_at, updatedby_userid, updated_at) 
values ('9lyawtpt1s9r', 'II-A', 'II-A', '6zoptlhtok3n', 'zbtuiuwn5smc', now(), null, null);
insert into class (uuid, name, code, school_id, createdby_userid, created_at, updatedby_userid, updated_at) 
values ('x2vwnms4pt73', 'II-B', 'II-B', '6zoptlhtok3n', 'zbtuiuwn5smc', now(), null, null);
insert into class (uuid, name, code, school_id, createdby_userid, created_at, updatedby_userid, updated_at) 
values ('gkpe7taug5v8', 'III-A', 'III-A', '6zoptlhtok3n', 'zbtuiuwn5smc', now(), null, null);
insert into class (uuid, name, code, school_id, createdby_userid, created_at, updatedby_userid, updated_at) 
values ('b58rgpxegt3a', 'III-B', 'III-B', '6zoptlhtok3n', 'zbtuiuwn5smc', now(), null, null);
insert into class (uuid, name, code, school_id, createdby_userid, created_at, updatedby_userid, updated_at) 
values ('tgd8rig4d2ta', 'IV-A', 'IV-A', '6zoptlhtok3n', 'zbtuiuwn5smc', now(), null, null);
insert into class (uuid, name, code, school_id, createdby_userid, created_at, updatedby_userid, updated_at) 
values ('5bchp32ktxns', 'IV-B', 'IV-B', '6zoptlhtok3n', 'zbtuiuwn5smc', now(), null, null);
insert into class (uuid, name, code, school_id, createdby_userid, created_at, updatedby_userid, updated_at) 
values ('nvq8mmvwnvb9', 'V-A', 'V-A', '6zoptlhtok3n', 'zbtuiuwn5smc', now(), null, null);
insert into class (uuid, name, code, school_id, createdby_userid, created_at, updatedby_userid, updated_at) 
values ('h3epzv47mw6o', 'V-B', 'V-B', '6zoptlhtok3n', 'zbtuiuwn5smc', now(), null, null);
insert into class (uuid, name, code, school_id, createdby_userid, created_at, updatedby_userid, updated_at) 
values ('izugu0fvakts', 'VI-A', 'VI-A', '6zoptlhtok3n', 'zbtuiuwn5smc', now(), null, null);
insert into class (uuid, name, code, school_id, createdby_userid, created_at, updatedby_userid, updated_at) 
values ('pnxig2e7mcbi', 'VI-B', 'VI-B', '6zoptlhtok3n', 'zbtuiuwn5smc', now(), null, null);
insert into class (uuid, name, code, school_id, createdby_userid, created_at, updatedby_userid, updated_at) 
values ('ntsudw0cw9bn', 'VII-A', 'VII-A', '6zoptlhtok3n', 'zbtuiuwn5smc', now(), null, null);
insert into class (uuid, name, code, school_id, createdby_userid, created_at, updatedby_userid, updated_at) 
values ('9tn6mo01lqoo', 'VII-B', 'VII-B', '6zoptlhtok3n', 'zbtuiuwn5smc', now(), null, null);
insert into class (uuid, name, code, school_id, createdby_userid, created_at, updatedby_userid, updated_at) 
values ('30wghj90qkjp', 'VIII-A', 'VIII-A', '6zoptlhtok3n', 'zbtuiuwn5smc', now(), null, null);
insert into class (uuid, name, code, school_id, createdby_userid, created_at, updatedby_userid, updated_at) 
values ('r7ssrbx4hc0j', 'VIII-B', 'VIII-B', '6zoptlhtok3n', 'zbtuiuwn5smc', now(), null, null);
insert into class (uuid, name, code, school_id, createdby_userid, created_at, updatedby_userid, updated_at) 
values ('mdjzkyi59e1v', 'IX-A', 'IX-A', '6zoptlhtok3n', 'zbtuiuwn5smc', now(), null, null);
insert into class (uuid, name, code, school_id, createdby_userid, created_at, updatedby_userid, updated_at) 
values ('ll39d33w5azd', 'IX-B', 'IX-B', '6zoptlhtok3n', 'zbtuiuwn5smc', now(), null, null);
insert into class (uuid, name, code, school_id, createdby_userid, created_at, updatedby_userid, updated_at) 
values ('tjjbw374uwc4', 'X-A', 'X-A', '6zoptlhtok3n', 'zbtuiuwn5smc', now(), null, null);
insert into class (uuid, name, code, school_id, createdby_userid, created_at, updatedby_userid, updated_at) 
values ('4u8x32340kju', 'X-B', 'X-B', '6zoptlhtok3n', 'zbtuiuwn5smc', now(), null, null);
insert into class (uuid, name, code, school_id, createdby_userid, created_at, updatedby_userid, updated_at) 
values ('9wnttjjflpqn', 'XI-A', 'XI-A', '6zoptlhtok3n', 'zbtuiuwn5smc', now(), null, null);
insert into class (uuid, name, code, school_id, createdby_userid, created_at, updatedby_userid, updated_at) 
values ('i1fr9ryr09ko', 'XI-B', 'XI-B', '6zoptlhtok3n', 'zbtuiuwn5smc', now(), null, null);
insert into class (uuid, name, code, school_id, createdby_userid, created_at, updatedby_userid, updated_at) 
values ('v9d3i2ot07kt', 'XII-A', 'XII-A', '6zoptlhtok3n', 'zbtuiuwn5smc', now(), null, null);
insert into class (uuid, name, code, school_id, createdby_userid, created_at, updatedby_userid, updated_at) 
values ('tl87izv51xva', 'XII-B', 'XII-B', '6zoptlhtok3n', 'zbtuiuwn5smc', now(), null, null);

insert into student (uuid, admission_number, name, gender, dob, family_unique_number, father_mobile, father_whatsapp, school_id, createdby_userid, created_at, updatedby_userid, updated_at)
values ('9mvnxmnebml7', 'o6v2zosvtuu7', 'Nursery-A Student 1', null, null, '8373919569', '8373919569', '8373919569', '6zoptlhtok3n', 'zbtuiuwn5smc', now(), null, null);
insert into student (uuid, admission_number, name, gender, dob, family_unique_number, father_mobile, father_whatsapp, school_id, createdby_userid, created_at, updatedby_userid, updated_at)
values ('dmnkwihebtj2', '0bmf4i41ltdf', 'Nursery-A Student 2', null, null, '8373919570', '8373919570', '8373919570', '6zoptlhtok3n', 'zbtuiuwn5smc', now(), null, null);
insert into student (uuid, admission_number, name, gender, dob, family_unique_number, father_mobile, father_whatsapp, school_id, createdby_userid, created_at, updatedby_userid, updated_at)
values ('v7bpolb6od67', '5n9n6590a6im', 'Nursery-B Student 1', null, null, '8373919563', '8373919563', '8373919563', '6zoptlhtok3n', 'zbtuiuwn5smc', now(), null, null);
insert into student (uuid, admission_number, name, gender, dob, family_unique_number, father_mobile, father_whatsapp, school_id, createdby_userid, created_at, updatedby_userid, updated_at)
values ('2hepx40saw22', 'o7j35v4aipak', 'Nursery-B Student 2', null, null, '8373919568', '8373919568', '8373919568', '6zoptlhtok3n', 'zbtuiuwn5smc', now(), null, null);
insert into student (uuid, admission_number, name, gender, dob, family_unique_number, father_mobile, father_whatsapp, school_id, createdby_userid, created_at, updatedby_userid, updated_at)
values ('ctlbqryqikjj', 'a0ujo70fmxzs', 'LKG-A Student 1', null, null, '8373919561', '8373919561', '8373919561', '6zoptlhtok3n', 'zbtuiuwn5smc', now(), null, null);
insert into student (uuid, admission_number, name, gender, dob, family_unique_number, father_mobile, father_whatsapp, school_id, createdby_userid, created_at, updatedby_userid, updated_at)
values ('tlgpbpak7b7d', 'hjkmeywuavdd', 'LKG-A Student 2', null, null, '8373919557', '8373919557', '8373919557', '6zoptlhtok3n', 'zbtuiuwn5smc', now(), null, null);
insert into student (uuid, admission_number, name, gender, dob, family_unique_number, father_mobile, father_whatsapp, school_id, createdby_userid, created_at, updatedby_userid, updated_at)
values ('tcehqo09qz96', 'b2lhvg2z0kk7', 'LKG-B Student 1', null, null, '8373919563', '8373919563', '8373919563', '6zoptlhtok3n', 'zbtuiuwn5smc', now(), null, null);
insert into student (uuid, admission_number, name, gender, dob, family_unique_number, father_mobile, father_whatsapp, school_id, createdby_userid, created_at, updatedby_userid, updated_at)
values ('jvenz4t5owx1', 'b5pizhw2e8kb', 'LKG-B Student 2', null, null, '8373919551', '8373919551', '8373919551', '6zoptlhtok3n', 'zbtuiuwn5smc', now(), null, null);
insert into student (uuid, admission_number, name, gender, dob, family_unique_number, father_mobile, father_whatsapp, school_id, createdby_userid, created_at, updatedby_userid, updated_at)
values ('zgkub3gghsf0', 'aervmrnl22hl', 'UKG-A Student 1', null, null, '8373919554', '8373919554', '8373919554', '6zoptlhtok3n', 'zbtuiuwn5smc', now(), null, null);
insert into student (uuid, admission_number, name, gender, dob, family_unique_number, father_mobile, father_whatsapp, school_id, createdby_userid, created_at, updatedby_userid, updated_at)
values ('zmfqvhacbx62', 'a7zp5s4kfe14', 'UKG-A Student 2', null, null, '8373919556', '8373919556', '8373919556', '6zoptlhtok3n', 'zbtuiuwn5smc', now(), null, null);
insert into student (uuid, admission_number, name, gender, dob, family_unique_number, father_mobile, father_whatsapp, school_id, createdby_userid, created_at, updatedby_userid, updated_at)
values ('l1g6rv4tb8g5', '3c2ju5xyx6yy', 'UKG-B Student 1', null, null, '8373919567', '8373919567', '8373919567', '6zoptlhtok3n', 'zbtuiuwn5smc', now(), null, null);
insert into student (uuid, admission_number, name, gender, dob, family_unique_number, father_mobile, father_whatsapp, school_id, createdby_userid, created_at, updatedby_userid, updated_at)
values ('g129jnf6pi3h', '513k37ebejhq', 'UKG-B Student 2', null, null, '8373919553', '8373919553', '8373919553', '6zoptlhtok3n', 'zbtuiuwn5smc', now(), null, null);
insert into student (uuid, admission_number, name, gender, dob, family_unique_number, father_mobile, father_whatsapp, school_id, createdby_userid, created_at, updatedby_userid, updated_at)
values ('0y8fximgmjse', 'yeff8romtiti', 'I-A Student 1', null, null, '8373919570', '8373919570', '8373919570', '6zoptlhtok3n', 'zbtuiuwn5smc', now(), null, null);
insert into student (uuid, admission_number, name, gender, dob, family_unique_number, father_mobile, father_whatsapp, school_id, createdby_userid, created_at, updatedby_userid, updated_at)
values ('prxqjt5ucw4w', 'x222kpuc81lh', 'I-A Student 2', null, null, '8373919562', '8373919562', '8373919562', '6zoptlhtok3n', 'zbtuiuwn5smc', now(), null, null);
insert into student (uuid, admission_number, name, gender, dob, family_unique_number, father_mobile, father_whatsapp, school_id, createdby_userid, created_at, updatedby_userid, updated_at)
values ('spjounujko0i', 'vbcwomjobtme', 'I-B Student 1', null, null, '8373919559', '8373919559', '8373919559', '6zoptlhtok3n', 'zbtuiuwn5smc', now(), null, null);
insert into student (uuid, admission_number, name, gender, dob, family_unique_number, father_mobile, father_whatsapp, school_id, createdby_userid, created_at, updatedby_userid, updated_at)
values ('xrkwgm2npfq6', 'q62yfptcv6lu', 'I-B Student 2', null, null, '8373919557', '8373919557', '8373919557', '6zoptlhtok3n', 'zbtuiuwn5smc', now(), null, null);
insert into student (uuid, admission_number, name, gender, dob, family_unique_number, father_mobile, father_whatsapp, school_id, createdby_userid, created_at, updatedby_userid, updated_at)
values ('6rlqn6hezf86', 'ayuimpfoetyt', 'II-A Student 1', null, null, '8373919568', '8373919568', '8373919568', '6zoptlhtok3n', 'zbtuiuwn5smc', now(), null, null);
insert into student (uuid, admission_number, name, gender, dob, family_unique_number, father_mobile, father_whatsapp, school_id, createdby_userid, created_at, updatedby_userid, updated_at)
values ('53t5auzbs2td', 'yamw876swb48', 'II-A Student 2', null, null, '8373919553', '8373919553', '8373919553', '6zoptlhtok3n', 'zbtuiuwn5smc', now(), null, null);
insert into student (uuid, admission_number, name, gender, dob, family_unique_number, father_mobile, father_whatsapp, school_id, createdby_userid, created_at, updatedby_userid, updated_at)
values ('rp8d15ofu2dx', '3zydlqbaebem', 'II-B Student 1', null, null, '8373919555', '8373919555', '8373919555', '6zoptlhtok3n', 'zbtuiuwn5smc', now(), null, null);
insert into student (uuid, admission_number, name, gender, dob, family_unique_number, father_mobile, father_whatsapp, school_id, createdby_userid, created_at, updatedby_userid, updated_at)
values ('0lj1503jpz2t', 'bhnd9etm7ra7', 'II-B Student 2', null, null, '8373919558', '8373919558', '8373919558', '6zoptlhtok3n', 'zbtuiuwn5smc', now(), null, null);
insert into student (uuid, admission_number, name, gender, dob, family_unique_number, father_mobile, father_whatsapp, school_id, createdby_userid, created_at, updatedby_userid, updated_at)
values ('mznwg3wu3wyy', 'w5rhgm2wmeii', 'III-A Student 1', null, null, '8373919568', '8373919568', '8373919568', '6zoptlhtok3n', 'zbtuiuwn5smc', now(), null, null);
insert into student (uuid, admission_number, name, gender, dob, family_unique_number, father_mobile, father_whatsapp, school_id, createdby_userid, created_at, updatedby_userid, updated_at)
values ('u1q3btg7qbri', '1lrricnx75pa', 'III-A Student 2', null, null, '8373919570', '8373919570', '8373919570', '6zoptlhtok3n', 'zbtuiuwn5smc', now(), null, null);
insert into student (uuid, admission_number, name, gender, dob, family_unique_number, father_mobile, father_whatsapp, school_id, createdby_userid, created_at, updatedby_userid, updated_at)
values ('ri13itp6bo3r', 'rcr6ecnn79ej', 'III-B Student 1', null, null, '8373919557', '8373919557', '8373919557', '6zoptlhtok3n', 'zbtuiuwn5smc', now(), null, null);
insert into student (uuid, admission_number, name, gender, dob, family_unique_number, father_mobile, father_whatsapp, school_id, createdby_userid, created_at, updatedby_userid, updated_at)
values ('ez7cw2sbdku5', 'mg3qwwdd40ah', 'III-B Student 2', null, null, '8373919564', '8373919564', '8373919564', '6zoptlhtok3n', 'zbtuiuwn5smc', now(), null, null);
insert into student (uuid, admission_number, name, gender, dob, family_unique_number, father_mobile, father_whatsapp, school_id, createdby_userid, created_at, updatedby_userid, updated_at)
values ('cjli0jngxh3l', 'hkx5z26bmg1q', 'IV-A Student 1', null, null, '8373919551', '8373919551', '8373919551', '6zoptlhtok3n', 'zbtuiuwn5smc', now(), null, null);
insert into student (uuid, admission_number, name, gender, dob, family_unique_number, father_mobile, father_whatsapp, school_id, createdby_userid, created_at, updatedby_userid, updated_at)
values ('en7few7ogp2u', '99jbwwja3m7w', 'IV-A Student 2', null, null, '8373919559', '8373919559', '8373919559', '6zoptlhtok3n', 'zbtuiuwn5smc', now(), null, null);
insert into student (uuid, admission_number, name, gender, dob, family_unique_number, father_mobile, father_whatsapp, school_id, createdby_userid, created_at, updatedby_userid, updated_at)
values ('8yswoi82xpli', 'ez2tuzqsqkmq', 'IV-B Student 1', null, null, '8373919559', '8373919559', '8373919559', '6zoptlhtok3n', 'zbtuiuwn5smc', now(), null, null);
insert into student (uuid, admission_number, name, gender, dob, family_unique_number, father_mobile, father_whatsapp, school_id, createdby_userid, created_at, updatedby_userid, updated_at)
values ('7bw43gf8dsr4', 'kgc6tkap9bze', 'IV-B Student 2', null, null, '8373919552', '8373919552', '8373919552', '6zoptlhtok3n', 'zbtuiuwn5smc', now(), null, null);
insert into student (uuid, admission_number, name, gender, dob, family_unique_number, father_mobile, father_whatsapp, school_id, createdby_userid, created_at, updatedby_userid, updated_at)
values ('ugh0wtyxj80g', 'gt5cmy4k4eh2', 'V-A Student 1', null, null, '8373919554', '8373919554', '8373919554', '6zoptlhtok3n', 'zbtuiuwn5smc', now(), null, null);
insert into student (uuid, admission_number, name, gender, dob, family_unique_number, father_mobile, father_whatsapp, school_id, createdby_userid, created_at, updatedby_userid, updated_at)
values ('ey5m958liczi', 'nexcnr15ykvc', 'V-A Student 2', null, null, '8373919570', '8373919570', '8373919570', '6zoptlhtok3n', 'zbtuiuwn5smc', now(), null, null);
insert into student (uuid, admission_number, name, gender, dob, family_unique_number, father_mobile, father_whatsapp, school_id, createdby_userid, created_at, updatedby_userid, updated_at)
values ('ixaojfzbqgnw', 'pgg835twwh85', 'V-B Student 1', null, null, '8373919561', '8373919561', '8373919561', '6zoptlhtok3n', 'zbtuiuwn5smc', now(), null, null);
insert into student (uuid, admission_number, name, gender, dob, family_unique_number, father_mobile, father_whatsapp, school_id, createdby_userid, created_at, updatedby_userid, updated_at)
values ('x28br68hz6se', 'ylq527f712u3', 'V-B Student 2', null, null, '8373919568', '8373919568', '8373919568', '6zoptlhtok3n', 'zbtuiuwn5smc', now(), null, null);
insert into student (uuid, admission_number, name, gender, dob, family_unique_number, father_mobile, father_whatsapp, school_id, createdby_userid, created_at, updatedby_userid, updated_at)
values ('1qcbefq6ncmp', 'vy18n753acx6', 'VI-A Student 1', null, null, '8373919558', '8373919558', '8373919558', '6zoptlhtok3n', 'zbtuiuwn5smc', now(), null, null);
insert into student (uuid, admission_number, name, gender, dob, family_unique_number, father_mobile, father_whatsapp, school_id, createdby_userid, created_at, updatedby_userid, updated_at)
values ('qjosfztxj40d', 'q8eyvwzccte9', 'VI-A Student 2', null, null, '8373919563', '8373919563', '8373919563', '6zoptlhtok3n', 'zbtuiuwn5smc', now(), null, null);
insert into student (uuid, admission_number, name, gender, dob, family_unique_number, father_mobile, father_whatsapp, school_id, createdby_userid, created_at, updatedby_userid, updated_at)
values ('t2dhy5t3oe3u', 'e73rt2hauiu0', 'VI-B Student 1', null, null, '8373919569', '8373919569', '8373919569', '6zoptlhtok3n', 'zbtuiuwn5smc', now(), null, null);
insert into student (uuid, admission_number, name, gender, dob, family_unique_number, father_mobile, father_whatsapp, school_id, createdby_userid, created_at, updatedby_userid, updated_at)
values ('j6ixlgdb01zs', 'nnagj28lz936', 'VI-B Student 2', null, null, '8373919564', '8373919564', '8373919564', '6zoptlhtok3n', 'zbtuiuwn5smc', now(), null, null);
insert into student (uuid, admission_number, name, gender, dob, family_unique_number, father_mobile, father_whatsapp, school_id, createdby_userid, created_at, updatedby_userid, updated_at)
values ('8fzvrlhgjssn', 'i3dmg35018x4', 'VII-A Student 1', null, null, '8373919566', '8373919566', '8373919566', '6zoptlhtok3n', 'zbtuiuwn5smc', now(), null, null);
insert into student (uuid, admission_number, name, gender, dob, family_unique_number, father_mobile, father_whatsapp, school_id, createdby_userid, created_at, updatedby_userid, updated_at)
values ('bgtusefoabvw', '0jcdxqvgxawl', 'VII-A Student 2', null, null, '8373919553', '8373919553', '8373919553', '6zoptlhtok3n', 'zbtuiuwn5smc', now(), null, null);
insert into student (uuid, admission_number, name, gender, dob, family_unique_number, father_mobile, father_whatsapp, school_id, createdby_userid, created_at, updatedby_userid, updated_at)
values ('p5aht0mlkjkp', 'zb9vf4tkrugt', 'VII-B Student 1', null, null, '8373919553', '8373919553', '8373919553', '6zoptlhtok3n', 'zbtuiuwn5smc', now(), null, null);
insert into student (uuid, admission_number, name, gender, dob, family_unique_number, father_mobile, father_whatsapp, school_id, createdby_userid, created_at, updatedby_userid, updated_at)
values ('2ggwlhx63jcd', 'uxfoajp6ysma', 'VII-B Student 2', null, null, '8373919566', '8373919566', '8373919566', '6zoptlhtok3n', 'zbtuiuwn5smc', now(), null, null);
insert into student (uuid, admission_number, name, gender, dob, family_unique_number, father_mobile, father_whatsapp, school_id, createdby_userid, created_at, updatedby_userid, updated_at)
values ('m3rn0fe8p6ub', 'zjqj0270lhv8', 'VIII-A Student 1', null, null, '8373919561', '8373919561', '8373919561', '6zoptlhtok3n', 'zbtuiuwn5smc', now(), null, null);
insert into student (uuid, admission_number, name, gender, dob, family_unique_number, father_mobile, father_whatsapp, school_id, createdby_userid, created_at, updatedby_userid, updated_at)
values ('2j2735mfhpl6', 'ufo88nj00rhq', 'VIII-A Student 2', null, null, '8373919570', '8373919570', '8373919570', '6zoptlhtok3n', 'zbtuiuwn5smc', now(), null, null);
insert into student (uuid, admission_number, name, gender, dob, family_unique_number, father_mobile, father_whatsapp, school_id, createdby_userid, created_at, updatedby_userid, updated_at)
values ('nnfy8epvlqeg', '7xgj0u5umquv', 'VIII-B Student 1', null, null, '8373919562', '8373919562', '8373919562', '6zoptlhtok3n', 'zbtuiuwn5smc', now(), null, null);
insert into student (uuid, admission_number, name, gender, dob, family_unique_number, father_mobile, father_whatsapp, school_id, createdby_userid, created_at, updatedby_userid, updated_at)
values ('tko6d20yx0j8', '5fabw09qy0ld', 'VIII-B Student 2', null, null, '8373919562', '8373919562', '8373919562', '6zoptlhtok3n', 'zbtuiuwn5smc', now(), null, null);
insert into student (uuid, admission_number, name, gender, dob, family_unique_number, father_mobile, father_whatsapp, school_id, createdby_userid, created_at, updatedby_userid, updated_at)
values ('6j7biimtgu6f', 'fwx4f6drysit', 'IX-A Student 1', null, null, '8373919564', '8373919564', '8373919564', '6zoptlhtok3n', 'zbtuiuwn5smc', now(), null, null);
insert into student (uuid, admission_number, name, gender, dob, family_unique_number, father_mobile, father_whatsapp, school_id, createdby_userid, created_at, updatedby_userid, updated_at)
values ('rgp5ys8if6kz', 'syk1dec52nt0', 'IX-A Student 2', null, null, '8373919559', '8373919559', '8373919559', '6zoptlhtok3n', 'zbtuiuwn5smc', now(), null, null);
insert into student (uuid, admission_number, name, gender, dob, family_unique_number, father_mobile, father_whatsapp, school_id, createdby_userid, created_at, updatedby_userid, updated_at)
values ('19jrn98t71dm', 'c454nfcxclxx', 'IX-B Student 1', null, null, '8373919553', '8373919553', '8373919553', '6zoptlhtok3n', 'zbtuiuwn5smc', now(), null, null);
insert into student (uuid, admission_number, name, gender, dob, family_unique_number, father_mobile, father_whatsapp, school_id, createdby_userid, created_at, updatedby_userid, updated_at)
values ('sdehg2akvpnp', 'noyvtcwitcwq', 'IX-B Student 2', null, null, '8373919562', '8373919562', '8373919562', '6zoptlhtok3n', 'zbtuiuwn5smc', now(), null, null);
insert into student (uuid, admission_number, name, gender, dob, family_unique_number, father_mobile, father_whatsapp, school_id, createdby_userid, created_at, updatedby_userid, updated_at)
values ('5ccje7bw5505', 'i87me4bwlv48', 'X-A Student 1', null, null, '8373919553', '8373919553', '8373919553', '6zoptlhtok3n', 'zbtuiuwn5smc', now(), null, null);
insert into student (uuid, admission_number, name, gender, dob, family_unique_number, father_mobile, father_whatsapp, school_id, createdby_userid, created_at, updatedby_userid, updated_at)
values ('e9auzrcuahj5', 'qci99lzu3ckz', 'X-A Student 2', null, null, '8373919569', '8373919569', '8373919569', '6zoptlhtok3n', 'zbtuiuwn5smc', now(), null, null);
insert into student (uuid, admission_number, name, gender, dob, family_unique_number, father_mobile, father_whatsapp, school_id, createdby_userid, created_at, updatedby_userid, updated_at)
values ('gdzuu3xiyp18', 'gpdjm136b8hd', 'X-B Student 1', null, null, '8373919552', '8373919552', '8373919552', '6zoptlhtok3n', 'zbtuiuwn5smc', now(), null, null);
insert into student (uuid, admission_number, name, gender, dob, family_unique_number, father_mobile, father_whatsapp, school_id, createdby_userid, created_at, updatedby_userid, updated_at)
values ('s8k6z77m620u', 'c39g4yr7umwd', 'X-B Student 2', null, null, '8373919560', '8373919560', '8373919560', '6zoptlhtok3n', 'zbtuiuwn5smc', now(), null, null);
insert into student (uuid, admission_number, name, gender, dob, family_unique_number, father_mobile, father_whatsapp, school_id, createdby_userid, created_at, updatedby_userid, updated_at)
values ('nc1x3q87fga6', 'wxo9cw3z7a44', 'XI-A Student 1', null, null, '8373919552', '8373919552', '8373919552', '6zoptlhtok3n', 'zbtuiuwn5smc', now(), null, null);
insert into student (uuid, admission_number, name, gender, dob, family_unique_number, father_mobile, father_whatsapp, school_id, createdby_userid, created_at, updatedby_userid, updated_at)
values ('vfygnuj29cve', 'qiq28ul5a37x', 'XI-A Student 2', null, null, '8373919567', '8373919567', '8373919567', '6zoptlhtok3n', 'zbtuiuwn5smc', now(), null, null);
insert into student (uuid, admission_number, name, gender, dob, family_unique_number, father_mobile, father_whatsapp, school_id, createdby_userid, created_at, updatedby_userid, updated_at)
values ('96nxggv5mby6', 'tkrhs4wfaaul', 'XI-B Student 1', null, null, '8373919558', '8373919558', '8373919558', '6zoptlhtok3n', 'zbtuiuwn5smc', now(), null, null);
insert into student (uuid, admission_number, name, gender, dob, family_unique_number, father_mobile, father_whatsapp, school_id, createdby_userid, created_at, updatedby_userid, updated_at)
values ('s9anymdzvboi', '20ivnj8ipga2', 'XI-B Student 2', null, null, '8373919569', '8373919569', '8373919569', '6zoptlhtok3n', 'zbtuiuwn5smc', now(), null, null);
insert into student (uuid, admission_number, name, gender, dob, family_unique_number, father_mobile, father_whatsapp, school_id, createdby_userid, created_at, updatedby_userid, updated_at)
values ('zotewyruzeja', '0kp35rq0fd0w', 'XII-A Student 1', null, null, '8373919569', '8373919569', '8373919569', '6zoptlhtok3n', 'zbtuiuwn5smc', now(), null, null);
insert into student (uuid, admission_number, name, gender, dob, family_unique_number, father_mobile, father_whatsapp, school_id, createdby_userid, created_at, updatedby_userid, updated_at)
values ('2trlb2t5ijti', 'eupw8dn5yc1j', 'XII-A Student 2', null, null, '8373919552', '8373919552', '8373919552', '6zoptlhtok3n', 'zbtuiuwn5smc', now(), null, null);
insert into student (uuid, admission_number, name, gender, dob, family_unique_number, father_mobile, father_whatsapp, school_id, createdby_userid, created_at, updatedby_userid, updated_at)
values ('5w99blyv1rki', 'ys0cl18hwssd', 'XII-B Student 1', null, null, '8373919561', '8373919561', '8373919561', '6zoptlhtok3n', 'zbtuiuwn5smc', now(), null, null);
insert into student (uuid, admission_number, name, gender, dob, family_unique_number, father_mobile, father_whatsapp, school_id, createdby_userid, created_at, updatedby_userid, updated_at)
values ('ldytp0camtir', 'kgcax5ritvlm', 'XII-B Student 2', null, null, '8373919555', '8373919555', '8373919555', '6zoptlhtok3n', 'zbtuiuwn5smc', now(), null, null);

insert into student_login (uuid, username, password, display_name, school_id, createdby_userid, created_at, updatedby_userid, updated_at)
values ('01ickx4oqaug', '8373919569', 'Itsmyskool@123', 'Nursery-A Student 1', '6zoptlhtok3n', 'zbtuiuwn5smc', now(), null, null);
insert into student_login (uuid, username, password, display_name, school_id, createdby_userid, created_at, updatedby_userid, updated_at)
values ('xdk4jx9zij21', '8373919570', 'Itsmyskool@123', 'Nursery-A Student 2', '6zoptlhtok3n', 'zbtuiuwn5smc', now(), null, null);
insert into student_login (uuid, username, password, display_name, school_id, createdby_userid, created_at, updatedby_userid, updated_at)
values ('9cbwzh3f79vl', '8373919563', 'Itsmyskool@123', 'Nursery-B Student 1', '6zoptlhtok3n', 'zbtuiuwn5smc', now(), null, null);
insert into student_login (uuid, username, password, display_name, school_id, createdby_userid, created_at, updatedby_userid, updated_at)
values ('g9ab95yadddt', '8373919568', 'Itsmyskool@123', 'Nursery-B Student 2', '6zoptlhtok3n', 'zbtuiuwn5smc', now(), null, null);
insert into student_login (uuid, username, password, display_name, school_id, createdby_userid, created_at, updatedby_userid, updated_at)
values ('4hw4a92r4tye', '8373919561', 'Itsmyskool@123', 'LKG-A Student 1', '6zoptlhtok3n', 'zbtuiuwn5smc', now(), null, null);
insert into student_login (uuid, username, password, display_name, school_id, createdby_userid, created_at, updatedby_userid, updated_at)
values ('obbmjy63e9he', '8373919557', 'Itsmyskool@123', 'LKG-A Student 2', '6zoptlhtok3n', 'zbtuiuwn5smc', now(), null, null);
insert into student_login (uuid, username, password, display_name, school_id, createdby_userid, created_at, updatedby_userid, updated_at)
values ('434g0xl2zmai', '8373919551', 'Itsmyskool@123', 'LKG-B Student 2', '6zoptlhtok3n', 'zbtuiuwn5smc', now(), null, null);
insert into student_login (uuid, username, password, display_name, school_id, createdby_userid, created_at, updatedby_userid, updated_at)
values ('ie69voc6plqt', '8373919554', 'Itsmyskool@123', 'UKG-A Student 1', '6zoptlhtok3n', 'zbtuiuwn5smc', now(), null, null);
insert into student_login (uuid, username, password, display_name, school_id, createdby_userid, created_at, updatedby_userid, updated_at)
values ('wd2vtv2pcsmc', '8373919556', 'Itsmyskool@123', 'UKG-A Student 2', '6zoptlhtok3n', 'zbtuiuwn5smc', now(), null, null);
insert into student_login (uuid, username, password, display_name, school_id, createdby_userid, created_at, updatedby_userid, updated_at)
values ('hqfwkq9spg91', '8373919567', 'Itsmyskool@123', 'UKG-B Student 1', '6zoptlhtok3n', 'zbtuiuwn5smc', now(), null, null);
insert into student_login (uuid, username, password, display_name, school_id, createdby_userid, created_at, updatedby_userid, updated_at)
values ('2x8f0atxpf5v', '8373919553', 'Itsmyskool@123', 'UKG-B Student 2', '6zoptlhtok3n', 'zbtuiuwn5smc', now(), null, null);
insert into student_login (uuid, username, password, display_name, school_id, createdby_userid, created_at, updatedby_userid, updated_at)
values ('1zo6070qlly5', '8373919562', 'Itsmyskool@123', 'I-A Student 2', '6zoptlhtok3n', 'zbtuiuwn5smc', now(), null, null);
insert into student_login (uuid, username, password, display_name, school_id, createdby_userid, created_at, updatedby_userid, updated_at)
values ('hjku9vzurb38', '8373919559', 'Itsmyskool@123', 'I-B Student 1', '6zoptlhtok3n', 'zbtuiuwn5smc', now(), null, null);
insert into student_login (uuid, username, password, display_name, school_id, createdby_userid, created_at, updatedby_userid, updated_at)
values ('apktqk8niwus', '8373919555', 'Itsmyskool@123', 'II-B Student 1', '6zoptlhtok3n', 'zbtuiuwn5smc', now(), null, null);
insert into student_login (uuid, username, password, display_name, school_id, createdby_userid, created_at, updatedby_userid, updated_at)
values ('xm3imti2t5qr', '8373919558', 'Itsmyskool@123', 'II-B Student 2', '6zoptlhtok3n', 'zbtuiuwn5smc', now(), null, null);
insert into student_login (uuid, username, password, display_name, school_id, createdby_userid, created_at, updatedby_userid, updated_at)
values ('ue8crpzy6153', '8373919564', 'Itsmyskool@123', 'III-B Student 2', '6zoptlhtok3n', 'zbtuiuwn5smc', now(), null, null);
insert into student_login (uuid, username, password, display_name, school_id, createdby_userid, created_at, updatedby_userid, updated_at)
values ('1n44q59h65tn', '8373919552', 'Itsmyskool@123', 'IV-B Student 2', '6zoptlhtok3n', 'zbtuiuwn5smc', now(), null, null);
insert into student_login (uuid, username, password, display_name, school_id, createdby_userid, created_at, updatedby_userid, updated_at)
values ('be9fjkjwanqe', '8373919566', 'Itsmyskool@123', 'VII-A Student 1', '6zoptlhtok3n', 'zbtuiuwn5smc', now(), null, null);
insert into student_login (uuid, username, password, display_name, school_id, createdby_userid, created_at, updatedby_userid, updated_at)
values ('9sky631gqre7', '8373919560', 'Itsmyskool@123', 'X-B Student 2', '6zoptlhtok3n', 'zbtuiuwn5smc', now(), null, null);

insert into student_class (uuid, student_id, academic_year_id, class_id, school_id, createdby_userid, created_at, updatedby_userid, updated_at) 
values ('97ijppo6rs2j', '9mvnxmnebml7', 'nebgkw2assin', '17zwk7gmswr8', '6zoptlhtok3n', 'zbtuiuwn5smc', now(), null, null);
insert into student_class (uuid, student_id, academic_year_id, class_id, school_id, createdby_userid, created_at, updatedby_userid, updated_at) 
values ('3xx3ecwylx2d', 'dmnkwihebtj2', 'nebgkw2assin', '17zwk7gmswr8', '6zoptlhtok3n', 'zbtuiuwn5smc', now(), null, null);
insert into student_class (uuid, student_id, academic_year_id, class_id, school_id, createdby_userid, created_at, updatedby_userid, updated_at) 
values ('ze3p5qe7jve6', 'v7bpolb6od67', 'nebgkw2assin', 'pjhdiyrasumd', '6zoptlhtok3n', 'zbtuiuwn5smc', now(), null, null);
insert into student_class (uuid, student_id, academic_year_id, class_id, school_id, createdby_userid, created_at, updatedby_userid, updated_at) 
values ('2pv4ad7w67c7', '2hepx40saw22', 'nebgkw2assin', 'pjhdiyrasumd', '6zoptlhtok3n', 'zbtuiuwn5smc', now(), null, null);
insert into student_class (uuid, student_id, academic_year_id, class_id, school_id, createdby_userid, created_at, updatedby_userid, updated_at) 
values ('3a2s9uudwy1y', 'ctlbqryqikjj', 'nebgkw2assin', 'bhr4ff1scjq4', '6zoptlhtok3n', 'zbtuiuwn5smc', now(), null, null);
insert into student_class (uuid, student_id, academic_year_id, class_id, school_id, createdby_userid, created_at, updatedby_userid, updated_at) 
values ('ze35b7bijz6u', 'tlgpbpak7b7d', 'nebgkw2assin', 'bhr4ff1scjq4', '6zoptlhtok3n', 'zbtuiuwn5smc', now(), null, null);
insert into student_class (uuid, student_id, academic_year_id, class_id, school_id, createdby_userid, created_at, updatedby_userid, updated_at) 
values ('82lysik9ycpp', 'tcehqo09qz96', 'nebgkw2assin', 'nv7cjmelzmfl', '6zoptlhtok3n', 'zbtuiuwn5smc', now(), null, null);
insert into student_class (uuid, student_id, academic_year_id, class_id, school_id, createdby_userid, created_at, updatedby_userid, updated_at) 
values ('a0e7l9fk3u77', 'jvenz4t5owx1', 'nebgkw2assin', 'nv7cjmelzmfl', '6zoptlhtok3n', 'zbtuiuwn5smc', now(), null, null);
insert into student_class (uuid, student_id, academic_year_id, class_id, school_id, createdby_userid, created_at, updatedby_userid, updated_at) 
values ('90sgxhvqqlgp', 'zgkub3gghsf0', 'nebgkw2assin', '2g5lcuw8i3y9', '6zoptlhtok3n', 'zbtuiuwn5smc', now(), null, null);
insert into student_class (uuid, student_id, academic_year_id, class_id, school_id, createdby_userid, created_at, updatedby_userid, updated_at) 
values ('9b0vkpw5tftg', 'zmfqvhacbx62', 'nebgkw2assin', '2g5lcuw8i3y9', '6zoptlhtok3n', 'zbtuiuwn5smc', now(), null, null);
insert into student_class (uuid, student_id, academic_year_id, class_id, school_id, createdby_userid, created_at, updatedby_userid, updated_at) 
values ('0b3nt0yu8zgr', 'l1g6rv4tb8g5', 'nebgkw2assin', '077iegqkq2ej', '6zoptlhtok3n', 'zbtuiuwn5smc', now(), null, null);
insert into student_class (uuid, student_id, academic_year_id, class_id, school_id, createdby_userid, created_at, updatedby_userid, updated_at) 
values ('l9rz4t3qwn96', 'g129jnf6pi3h', 'nebgkw2assin', '077iegqkq2ej', '6zoptlhtok3n', 'zbtuiuwn5smc', now(), null, null);
insert into student_class (uuid, student_id, academic_year_id, class_id, school_id, createdby_userid, created_at, updatedby_userid, updated_at) 
values ('xg52yqbk0pku', '0y8fximgmjse', 'nebgkw2assin', 'v506tm39v742', '6zoptlhtok3n', 'zbtuiuwn5smc', now(), null, null);
insert into student_class (uuid, student_id, academic_year_id, class_id, school_id, createdby_userid, created_at, updatedby_userid, updated_at) 
values ('slfadzb1xz9m', 'prxqjt5ucw4w', 'nebgkw2assin', 'v506tm39v742', '6zoptlhtok3n', 'zbtuiuwn5smc', now(), null, null);
insert into student_class (uuid, student_id, academic_year_id, class_id, school_id, createdby_userid, created_at, updatedby_userid, updated_at) 
values ('4npwgf5kqmap', 'spjounujko0i', 'nebgkw2assin', 'cqpghsmp35cc', '6zoptlhtok3n', 'zbtuiuwn5smc', now(), null, null);
insert into student_class (uuid, student_id, academic_year_id, class_id, school_id, createdby_userid, created_at, updatedby_userid, updated_at) 
values ('15qeud50yu8z', 'xrkwgm2npfq6', 'nebgkw2assin', 'cqpghsmp35cc', '6zoptlhtok3n', 'zbtuiuwn5smc', now(), null, null);
insert into student_class (uuid, student_id, academic_year_id, class_id, school_id, createdby_userid, created_at, updatedby_userid, updated_at) 
values ('2kwikcmdp66a', '6rlqn6hezf86', 'nebgkw2assin', '9lyawtpt1s9r', '6zoptlhtok3n', 'zbtuiuwn5smc', now(), null, null);
insert into student_class (uuid, student_id, academic_year_id, class_id, school_id, createdby_userid, created_at, updatedby_userid, updated_at) 
values ('46wday1zv916', '53t5auzbs2td', 'nebgkw2assin', '9lyawtpt1s9r', '6zoptlhtok3n', 'zbtuiuwn5smc', now(), null, null);
insert into student_class (uuid, student_id, academic_year_id, class_id, school_id, createdby_userid, created_at, updatedby_userid, updated_at) 
values ('621nni7qqvgh', 'rp8d15ofu2dx', 'nebgkw2assin', 'x2vwnms4pt73', '6zoptlhtok3n', 'zbtuiuwn5smc', now(), null, null);
insert into student_class (uuid, student_id, academic_year_id, class_id, school_id, createdby_userid, created_at, updatedby_userid, updated_at) 
values ('8fhsttyzlrmy', '0lj1503jpz2t', 'nebgkw2assin', 'x2vwnms4pt73', '6zoptlhtok3n', 'zbtuiuwn5smc', now(), null, null);
insert into student_class (uuid, student_id, academic_year_id, class_id, school_id, createdby_userid, created_at, updatedby_userid, updated_at) 
values ('7ifybb909e7i', 'mznwg3wu3wyy', 'nebgkw2assin', 'gkpe7taug5v8', '6zoptlhtok3n', 'zbtuiuwn5smc', now(), null, null);
insert into student_class (uuid, student_id, academic_year_id, class_id, school_id, createdby_userid, created_at, updatedby_userid, updated_at) 
values ('b47f1cpdb9ix', 'u1q3btg7qbri', 'nebgkw2assin', 'gkpe7taug5v8', '6zoptlhtok3n', 'zbtuiuwn5smc', now(), null, null);
insert into student_class (uuid, student_id, academic_year_id, class_id, school_id, createdby_userid, created_at, updatedby_userid, updated_at) 
values ('5jf0sceazxxi', 'ri13itp6bo3r', 'nebgkw2assin', 'b58rgpxegt3a', '6zoptlhtok3n', 'zbtuiuwn5smc', now(), null, null);
insert into student_class (uuid, student_id, academic_year_id, class_id, school_id, createdby_userid, created_at, updatedby_userid, updated_at) 
values ('lsems7tcgshw', 'ez7cw2sbdku5', 'nebgkw2assin', 'b58rgpxegt3a', '6zoptlhtok3n', 'zbtuiuwn5smc', now(), null, null);
insert into student_class (uuid, student_id, academic_year_id, class_id, school_id, createdby_userid, created_at, updatedby_userid, updated_at) 
values ('6641j37sh9z3', 'cjli0jngxh3l', 'nebgkw2assin', 'tgd8rig4d2ta', '6zoptlhtok3n', 'zbtuiuwn5smc', now(), null, null);
insert into student_class (uuid, student_id, academic_year_id, class_id, school_id, createdby_userid, created_at, updatedby_userid, updated_at) 
values ('ltjaf4ecp84n', 'en7few7ogp2u', 'nebgkw2assin', 'tgd8rig4d2ta', '6zoptlhtok3n', 'zbtuiuwn5smc', now(), null, null);
insert into student_class (uuid, student_id, academic_year_id, class_id, school_id, createdby_userid, created_at, updatedby_userid, updated_at) 
values ('23rjuh2k9rk2', '8yswoi82xpli', 'nebgkw2assin', '5bchp32ktxns', '6zoptlhtok3n', 'zbtuiuwn5smc', now(), null, null);
insert into student_class (uuid, student_id, academic_year_id, class_id, school_id, createdby_userid, created_at, updatedby_userid, updated_at) 
values ('h0v18eodpdqa', '7bw43gf8dsr4', 'nebgkw2assin', '5bchp32ktxns', '6zoptlhtok3n', 'zbtuiuwn5smc', now(), null, null);
insert into student_class (uuid, student_id, academic_year_id, class_id, school_id, createdby_userid, created_at, updatedby_userid, updated_at) 
values ('k6fcrx8a4aah', 'ugh0wtyxj80g', 'nebgkw2assin', 'nvq8mmvwnvb9', '6zoptlhtok3n', 'zbtuiuwn5smc', now(), null, null);
insert into student_class (uuid, student_id, academic_year_id, class_id, school_id, createdby_userid, created_at, updatedby_userid, updated_at) 
values ('hh08vd0bmoh1', 'ey5m958liczi', 'nebgkw2assin', 'nvq8mmvwnvb9', '6zoptlhtok3n', 'zbtuiuwn5smc', now(), null, null);
insert into student_class (uuid, student_id, academic_year_id, class_id, school_id, createdby_userid, created_at, updatedby_userid, updated_at) 
values ('g7w77pur3nh3', 'ixaojfzbqgnw', 'nebgkw2assin', 'h3epzv47mw6o', '6zoptlhtok3n', 'zbtuiuwn5smc', now(), null, null);
insert into student_class (uuid, student_id, academic_year_id, class_id, school_id, createdby_userid, created_at, updatedby_userid, updated_at) 
values ('2p3e0flq8zih', 'x28br68hz6se', 'nebgkw2assin', 'h3epzv47mw6o', '6zoptlhtok3n', 'zbtuiuwn5smc', now(), null, null);
insert into student_class (uuid, student_id, academic_year_id, class_id, school_id, createdby_userid, created_at, updatedby_userid, updated_at) 
values ('72m2m71nma5e', '1qcbefq6ncmp', 'nebgkw2assin', 'izugu0fvakts', '6zoptlhtok3n', 'zbtuiuwn5smc', now(), null, null);
insert into student_class (uuid, student_id, academic_year_id, class_id, school_id, createdby_userid, created_at, updatedby_userid, updated_at) 
values ('s966771g0imz', 'qjosfztxj40d', 'nebgkw2assin', 'izugu0fvakts', '6zoptlhtok3n', 'zbtuiuwn5smc', now(), null, null);
insert into student_class (uuid, student_id, academic_year_id, class_id, school_id, createdby_userid, created_at, updatedby_userid, updated_at) 
values ('wwrcxumox11d', 't2dhy5t3oe3u', 'nebgkw2assin', 'pnxig2e7mcbi', '6zoptlhtok3n', 'zbtuiuwn5smc', now(), null, null);
insert into student_class (uuid, student_id, academic_year_id, class_id, school_id, createdby_userid, created_at, updatedby_userid, updated_at) 
values ('m6uym84gyoqp', 'j6ixlgdb01zs', 'nebgkw2assin', 'pnxig2e7mcbi', '6zoptlhtok3n', 'zbtuiuwn5smc', now(), null, null);
insert into student_class (uuid, student_id, academic_year_id, class_id, school_id, createdby_userid, created_at, updatedby_userid, updated_at) 
values ('hsaoj9uqrcop', '8fzvrlhgjssn', 'nebgkw2assin', 'ntsudw0cw9bn', '6zoptlhtok3n', 'zbtuiuwn5smc', now(), null, null);
insert into student_class (uuid, student_id, academic_year_id, class_id, school_id, createdby_userid, created_at, updatedby_userid, updated_at) 
values ('l2qvh8jbet8x', 'bgtusefoabvw', 'nebgkw2assin', 'ntsudw0cw9bn', '6zoptlhtok3n', 'zbtuiuwn5smc', now(), null, null);
insert into student_class (uuid, student_id, academic_year_id, class_id, school_id, createdby_userid, created_at, updatedby_userid, updated_at) 
values ('lqtjlwuaeb5v', 'p5aht0mlkjkp', 'nebgkw2assin', '9tn6mo01lqoo', '6zoptlhtok3n', 'zbtuiuwn5smc', now(), null, null);
insert into student_class (uuid, student_id, academic_year_id, class_id, school_id, createdby_userid, created_at, updatedby_userid, updated_at) 
values ('4e0kgk252kk6', '2ggwlhx63jcd', 'nebgkw2assin', '9tn6mo01lqoo', '6zoptlhtok3n', 'zbtuiuwn5smc', now(), null, null);
insert into student_class (uuid, student_id, academic_year_id, class_id, school_id, createdby_userid, created_at, updatedby_userid, updated_at) 
values ('o9d2krd4h9y4', 'm3rn0fe8p6ub', 'nebgkw2assin', '30wghj90qkjp', '6zoptlhtok3n', 'zbtuiuwn5smc', now(), null, null);
insert into student_class (uuid, student_id, academic_year_id, class_id, school_id, createdby_userid, created_at, updatedby_userid, updated_at) 
values ('o3d9qsoh3vy2', '2j2735mfhpl6', 'nebgkw2assin', '30wghj90qkjp', '6zoptlhtok3n', 'zbtuiuwn5smc', now(), null, null);
insert into student_class (uuid, student_id, academic_year_id, class_id, school_id, createdby_userid, created_at, updatedby_userid, updated_at) 
values ('q917ofpvk2e7', 'nnfy8epvlqeg', 'nebgkw2assin', 'r7ssrbx4hc0j', '6zoptlhtok3n', 'zbtuiuwn5smc', now(), null, null);
insert into student_class (uuid, student_id, academic_year_id, class_id, school_id, createdby_userid, created_at, updatedby_userid, updated_at) 
values ('68a9l9d4wrik', 'tko6d20yx0j8', 'nebgkw2assin', 'r7ssrbx4hc0j', '6zoptlhtok3n', 'zbtuiuwn5smc', now(), null, null);
insert into student_class (uuid, student_id, academic_year_id, class_id, school_id, createdby_userid, created_at, updatedby_userid, updated_at) 
values ('nzj493of17ga', '6j7biimtgu6f', 'nebgkw2assin', 'mdjzkyi59e1v', '6zoptlhtok3n', 'zbtuiuwn5smc', now(), null, null);
insert into student_class (uuid, student_id, academic_year_id, class_id, school_id, createdby_userid, created_at, updatedby_userid, updated_at) 
values ('iw5plizvcop0', 'rgp5ys8if6kz', 'nebgkw2assin', 'mdjzkyi59e1v', '6zoptlhtok3n', 'zbtuiuwn5smc', now(), null, null);
insert into student_class (uuid, student_id, academic_year_id, class_id, school_id, createdby_userid, created_at, updatedby_userid, updated_at) 
values ('j52addgwl6k9', '19jrn98t71dm', 'nebgkw2assin', 'll39d33w5azd', '6zoptlhtok3n', 'zbtuiuwn5smc', now(), null, null);
insert into student_class (uuid, student_id, academic_year_id, class_id, school_id, createdby_userid, created_at, updatedby_userid, updated_at) 
values ('krdueushh3xw', 'sdehg2akvpnp', 'nebgkw2assin', 'll39d33w5azd', '6zoptlhtok3n', 'zbtuiuwn5smc', now(), null, null);
insert into student_class (uuid, student_id, academic_year_id, class_id, school_id, createdby_userid, created_at, updatedby_userid, updated_at) 
values ('dgvx5p3hf9lz', '5ccje7bw5505', 'nebgkw2assin', 'tjjbw374uwc4', '6zoptlhtok3n', 'zbtuiuwn5smc', now(), null, null);
insert into student_class (uuid, student_id, academic_year_id, class_id, school_id, createdby_userid, created_at, updatedby_userid, updated_at) 
values ('x320a2rgh6gu', 'e9auzrcuahj5', 'nebgkw2assin', 'tjjbw374uwc4', '6zoptlhtok3n', 'zbtuiuwn5smc', now(), null, null);
insert into student_class (uuid, student_id, academic_year_id, class_id, school_id, createdby_userid, created_at, updatedby_userid, updated_at) 
values ('bm0ccypckv17', 'gdzuu3xiyp18', 'nebgkw2assin', '4u8x32340kju', '6zoptlhtok3n', 'zbtuiuwn5smc', now(), null, null);
insert into student_class (uuid, student_id, academic_year_id, class_id, school_id, createdby_userid, created_at, updatedby_userid, updated_at) 
values ('xojrrls4c98t', 's8k6z77m620u', 'nebgkw2assin', '4u8x32340kju', '6zoptlhtok3n', 'zbtuiuwn5smc', now(), null, null);
insert into student_class (uuid, student_id, academic_year_id, class_id, school_id, createdby_userid, created_at, updatedby_userid, updated_at) 
values ('gxzxfboz9j5l', 'nc1x3q87fga6', 'nebgkw2assin', '9wnttjjflpqn', '6zoptlhtok3n', 'zbtuiuwn5smc', now(), null, null);
insert into student_class (uuid, student_id, academic_year_id, class_id, school_id, createdby_userid, created_at, updatedby_userid, updated_at) 
values ('0ssa6bokmqx7', 'vfygnuj29cve', 'nebgkw2assin', '9wnttjjflpqn', '6zoptlhtok3n', 'zbtuiuwn5smc', now(), null, null);
insert into student_class (uuid, student_id, academic_year_id, class_id, school_id, createdby_userid, created_at, updatedby_userid, updated_at) 
values ('msk1jy97g7h8', '96nxggv5mby6', 'nebgkw2assin', 'i1fr9ryr09ko', '6zoptlhtok3n', 'zbtuiuwn5smc', now(), null, null);
insert into student_class (uuid, student_id, academic_year_id, class_id, school_id, createdby_userid, created_at, updatedby_userid, updated_at) 
values ('vvy88mrkbysg', 's9anymdzvboi', 'nebgkw2assin', 'i1fr9ryr09ko', '6zoptlhtok3n', 'zbtuiuwn5smc', now(), null, null);
insert into student_class (uuid, student_id, academic_year_id, class_id, school_id, createdby_userid, created_at, updatedby_userid, updated_at) 
values ('wmg8i9u2nldw', 'zotewyruzeja', 'nebgkw2assin', 'v9d3i2ot07kt', '6zoptlhtok3n', 'zbtuiuwn5smc', now(), null, null);
insert into student_class (uuid, student_id, academic_year_id, class_id, school_id, createdby_userid, created_at, updatedby_userid, updated_at) 
values ('7wovy7bghb91', '2trlb2t5ijti', 'nebgkw2assin', 'v9d3i2ot07kt', '6zoptlhtok3n', 'zbtuiuwn5smc', now(), null, null);
insert into student_class (uuid, student_id, academic_year_id, class_id, school_id, createdby_userid, created_at, updatedby_userid, updated_at) 
values ('b9uwbhhye0tu', '5w99blyv1rki', 'nebgkw2assin', 'tl87izv51xva', '6zoptlhtok3n', 'zbtuiuwn5smc', now(), null, null);
insert into student_class (uuid, student_id, academic_year_id, class_id, school_id, createdby_userid, created_at, updatedby_userid, updated_at) 
values ('j6hzjcd84qi8', 'ldytp0camtir', 'nebgkw2assin', 'tl87izv51xva', '6zoptlhtok3n', 'zbtuiuwn5smc', now(), null, null);

insert into role (uuid, name, code, school_id, createdby_userid, created_at, updatedby_userid, updated_at) 
values ('9nmllkq87gzg', 'God', 'god', '6zoptlhtok3n', 'zbtuiuwn5smc', now(), null, null);
insert into role (uuid, name, code, school_id, createdby_userid, created_at, updatedby_userid, updated_at) 
values ('vf9birfpd6dh', 'Admin', 'admin', '6zoptlhtok3n', 'zbtuiuwn5smc', now(), null, null);
insert into role (uuid, name, code, school_id, createdby_userid, created_at, updatedby_userid, updated_at) 
values ('v0jki2jzb82b', 'Class Teacher', 'class-teacher', '6zoptlhtok3n', 'zbtuiuwn5smc', now(), null, null);
insert into role (uuid, name, code, school_id, createdby_userid, created_at, updatedby_userid, updated_at) 
values ('w79zi7l9g7w7', 'Transport Incharge', 'transport-incharge', '6zoptlhtok3n', 'zbtuiuwn5smc', now(), null, null);
insert into role (uuid, name, code, school_id, createdby_userid, created_at, updatedby_userid, updated_at) 
values ('jxdginsq3mdd', 'Medical Incharge', 'medical-incharge', '6zoptlhtok3n', 'zbtuiuwn5smc', now(), null, null);
insert into role (uuid, name, code, school_id, createdby_userid, created_at, updatedby_userid, updated_at) 
values ('srdbf57ah3sb', 'Teacher', 'teacher', '6zoptlhtok3n', 'zbtuiuwn5smc', now(), null, null);

insert into employee (uuid, employee_number, name, family_unique_number, mobile, whatsapp, school_id, createdby_userid, created_at)
values ('gjj7sii2hkyu', 'qquxjt53gwj2', 'Employee 1', '8373919597', '8373919597', '8373919597', '6zoptlhtok3n', 'zbtuiuwn5smc', now());
insert into employee (uuid, employee_number, name, family_unique_number, mobile, whatsapp, school_id, createdby_userid, created_at)
values ('jh0udadh4z3y', '8zlqo3hm5hmr', 'Employee 2', '8373919593', '8373919593', '8373919593', '6zoptlhtok3n', 'zbtuiuwn5smc', now());
insert into employee (uuid, employee_number, name, family_unique_number, mobile, whatsapp, school_id, createdby_userid, created_at)
values ('1m0zrz13n65d', 'r1i81csxlsih', 'Employee 3', '8373919598', '8373919598', '8373919598', '6zoptlhtok3n', 'zbtuiuwn5smc', now());
insert into employee (uuid, employee_number, name, family_unique_number, mobile, whatsapp, school_id, createdby_userid, created_at)
values ('qaenw2pffisp', 'su7z3bynx3so', 'Employee 4', '8373919596', '8373919596', '8373919596', '6zoptlhtok3n', 'zbtuiuwn5smc', now());
insert into employee (uuid, employee_number, name, family_unique_number, mobile, whatsapp, school_id, createdby_userid, created_at)
values ('r3s3lhdm9g9i', 'aqht22s8k2i1', 'Employee 5', '8373919594', '8373919594', '8373919594', '6zoptlhtok3n', 'zbtuiuwn5smc', now());

insert into employee_login (uuid, username, password, display_name, school_id, createdby_userid, created_at, updatedby_userid, updated_at)
values ('co99pe4uh2bj', '8373919597', 'Itsmyskool@123', 'Employee 1', '6zoptlhtok3n', 'zbtuiuwn5smc', now(), null, null);
insert into employee_login (uuid, username, password, display_name, school_id, createdby_userid, created_at, updatedby_userid, updated_at)
values ('b7gqkc814giv', '8373919593', 'Itsmyskool@123', 'Employee 2', '6zoptlhtok3n', 'zbtuiuwn5smc', now(), null, null);
insert into employee_login (uuid, username, password, display_name, school_id, createdby_userid, created_at, updatedby_userid, updated_at)
values ('5ew6rgcpcuw0', '8373919598', 'Itsmyskool@123', 'Employee 3', '6zoptlhtok3n', 'zbtuiuwn5smc', now(), null, null);
insert into employee_login (uuid, username, password, display_name, school_id, createdby_userid, created_at, updatedby_userid, updated_at)
values ('nvgftlmt3485', '8373919596', 'Itsmyskool@123', 'Employee 4', '6zoptlhtok3n', 'zbtuiuwn5smc', now(), null, null);
insert into employee_login (uuid, username, password, display_name, school_id, createdby_userid, created_at, updatedby_userid, updated_at)
values ('ctczn84dxtyg', '8373919594', 'Itsmyskool@123', 'Employee 5', '6zoptlhtok3n', 'zbtuiuwn5smc', now(), null, null);

insert into employee_role (uuid, employee_id, role_id, school_id, createdby_userid, created_at, updatedby_userid, updated_at) 
values ('9s9og6yrff2u', 'gjj7sii2hkyu', 'vf9birfpd6dh', '6zoptlhtok3n', 'zbtuiuwn5smc', now(), null, null);
insert into employee_role (uuid, employee_id, role_id, school_id, createdby_userid, created_at, updatedby_userid, updated_at) 
values ('l6tfbvj2wbv1', 'jh0udadh4z3y', 'v0jki2jzb82b', '6zoptlhtok3n', 'zbtuiuwn5smc', now(), null, null);
insert into employee_role (uuid, employee_id, role_id, school_id, createdby_userid, created_at, updatedby_userid, updated_at) 
values ('p8ou102z9ps1', '1m0zrz13n65d', 'w79zi7l9g7w7', '6zoptlhtok3n', 'zbtuiuwn5smc', now(), null, null);
insert into employee_role (uuid, employee_id, role_id, school_id, createdby_userid, created_at, updatedby_userid, updated_at) 
values ('qtdz9hzfrt4l', 'qaenw2pffisp', 'jxdginsq3mdd', '6zoptlhtok3n', 'zbtuiuwn5smc', now(), null, null);
insert into employee_role (uuid, employee_id, role_id, school_id, createdby_userid, created_at, updatedby_userid, updated_at) 
values ('znn2xx9kvz48', 'r3s3lhdm9g9i', 'srdbf57ah3sb', '6zoptlhtok3n', 'zbtuiuwn5smc', now(), null, null);
insert into employee_role (uuid, employee_id, role_id, school_id, createdby_userid, created_at, updatedby_userid, updated_at) 
values ('ah62fu5zzvdc', 'zbtuiuwn5smc', '9nmllkq87gzg', '6zoptlhtok3n', 'zbtuiuwn5smc', now(), null, null);
