insert into academic_year (uuid, name, code, start_date, end_date, school_id, createdby_userid, created_at, updatedby_userid, updated_at) 
values ('eso8p4ft3133', '2025-26', '2025-26', '2025-04-01', '2026-03-31', 'mggd21p5dwf6', 'iww8zvhjv2bi', now(), null, null);

insert into class (uuid, name, code, school_id, createdby_userid, created_at, updatedby_userid, updated_at) 
values ('3jvvqt7ans2h', 'Nursery-A', 'Nursery-A', 'mggd21p5dwf6', 'iww8zvhjv2bi', now(), null, null);
insert into class (uuid, name, code, school_id, createdby_userid, created_at, updatedby_userid, updated_at) 
values ('dok0gkds31i6', 'Nursery-B', 'Nursery-B', 'mggd21p5dwf6', 'iww8zvhjv2bi', now(), null, null);
insert into class (uuid, name, code, school_id, createdby_userid, created_at, updatedby_userid, updated_at) 
values ('5tsoeqo3y20s', 'LKG-A', 'LKG-A', 'mggd21p5dwf6', 'iww8zvhjv2bi', now(), null, null);
insert into class (uuid, name, code, school_id, createdby_userid, created_at, updatedby_userid, updated_at) 
values ('bbrrlflw8n9n', 'LKG-B', 'LKG-B', 'mggd21p5dwf6', 'iww8zvhjv2bi', now(), null, null);
insert into class (uuid, name, code, school_id, createdby_userid, created_at, updatedby_userid, updated_at) 
values ('f1dhaxvljzoi', 'UKG-A', 'UKG-A', 'mggd21p5dwf6', 'iww8zvhjv2bi', now(), null, null);
insert into class (uuid, name, code, school_id, createdby_userid, created_at, updatedby_userid, updated_at) 
values ('af7ffpcxdxk7', 'UKG-B', 'UKG-B', 'mggd21p5dwf6', 'iww8zvhjv2bi', now(), null, null);
insert into class (uuid, name, code, school_id, createdby_userid, created_at, updatedby_userid, updated_at) 
values ('o04mjd8o4mqp', 'I-A', 'I-A', 'mggd21p5dwf6', 'iww8zvhjv2bi', now(), null, null);
insert into class (uuid, name, code, school_id, createdby_userid, created_at, updatedby_userid, updated_at) 
values ('q1c26c84v2td', 'I-B', 'I-B', 'mggd21p5dwf6', 'iww8zvhjv2bi', now(), null, null);
insert into class (uuid, name, code, school_id, createdby_userid, created_at, updatedby_userid, updated_at) 
values ('3moc8e933jph', 'II-A', 'II-A', 'mggd21p5dwf6', 'iww8zvhjv2bi', now(), null, null);
insert into class (uuid, name, code, school_id, createdby_userid, created_at, updatedby_userid, updated_at) 
values ('tx36g2pmy5q1', 'II-B', 'II-B', 'mggd21p5dwf6', 'iww8zvhjv2bi', now(), null, null);
insert into class (uuid, name, code, school_id, createdby_userid, created_at, updatedby_userid, updated_at) 
values ('pas22390i4e0', 'III-A', 'III-A', 'mggd21p5dwf6', 'iww8zvhjv2bi', now(), null, null);
insert into class (uuid, name, code, school_id, createdby_userid, created_at, updatedby_userid, updated_at) 
values ('zwsumoo7lpng', 'III-B', 'III-B', 'mggd21p5dwf6', 'iww8zvhjv2bi', now(), null, null);
insert into class (uuid, name, code, school_id, createdby_userid, created_at, updatedby_userid, updated_at) 
values ('qtmd89od3he4', 'IV-A', 'IV-A', 'mggd21p5dwf6', 'iww8zvhjv2bi', now(), null, null);
insert into class (uuid, name, code, school_id, createdby_userid, created_at, updatedby_userid, updated_at) 
values ('ls9r3wvjliyk', 'IV-B', 'IV-B', 'mggd21p5dwf6', 'iww8zvhjv2bi', now(), null, null);
insert into class (uuid, name, code, school_id, createdby_userid, created_at, updatedby_userid, updated_at) 
values ('nyjfqis5t5lz', 'V-A', 'V-A', 'mggd21p5dwf6', 'iww8zvhjv2bi', now(), null, null);
insert into class (uuid, name, code, school_id, createdby_userid, created_at, updatedby_userid, updated_at) 
values ('hbuxii0jjnve', 'V-B', 'V-B', 'mggd21p5dwf6', 'iww8zvhjv2bi', now(), null, null);
insert into class (uuid, name, code, school_id, createdby_userid, created_at, updatedby_userid, updated_at) 
values ('ki5rs92i3b2a', 'VI-A', 'VI-A', 'mggd21p5dwf6', 'iww8zvhjv2bi', now(), null, null);
insert into class (uuid, name, code, school_id, createdby_userid, created_at, updatedby_userid, updated_at) 
values ('q3olhaej6sy8', 'VI-B', 'VI-B', 'mggd21p5dwf6', 'iww8zvhjv2bi', now(), null, null);
insert into class (uuid, name, code, school_id, createdby_userid, created_at, updatedby_userid, updated_at) 
values ('lpg9hbm3y0ke', 'VII-A', 'VII-A', 'mggd21p5dwf6', 'iww8zvhjv2bi', now(), null, null);
insert into class (uuid, name, code, school_id, createdby_userid, created_at, updatedby_userid, updated_at) 
values ('scr1wtdr4pdr', 'VII-B', 'VII-B', 'mggd21p5dwf6', 'iww8zvhjv2bi', now(), null, null);
insert into class (uuid, name, code, school_id, createdby_userid, created_at, updatedby_userid, updated_at) 
values ('y6vgo4uzke5c', 'VIII-A', 'VIII-A', 'mggd21p5dwf6', 'iww8zvhjv2bi', now(), null, null);
insert into class (uuid, name, code, school_id, createdby_userid, created_at, updatedby_userid, updated_at) 
values ('bhebdm6wirwn', 'VIII-B', 'VIII-B', 'mggd21p5dwf6', 'iww8zvhjv2bi', now(), null, null);
insert into class (uuid, name, code, school_id, createdby_userid, created_at, updatedby_userid, updated_at) 
values ('vo6zvw7txao6', 'IX-A', 'IX-A', 'mggd21p5dwf6', 'iww8zvhjv2bi', now(), null, null);
insert into class (uuid, name, code, school_id, createdby_userid, created_at, updatedby_userid, updated_at) 
values ('lhr50lnyzbns', 'IX-B', 'IX-B', 'mggd21p5dwf6', 'iww8zvhjv2bi', now(), null, null);
insert into class (uuid, name, code, school_id, createdby_userid, created_at, updatedby_userid, updated_at) 
values ('oyaqa2s6jx2t', 'X-A', 'X-A', 'mggd21p5dwf6', 'iww8zvhjv2bi', now(), null, null);
insert into class (uuid, name, code, school_id, createdby_userid, created_at, updatedby_userid, updated_at) 
values ('0ian53e1fdv2', 'X-B', 'X-B', 'mggd21p5dwf6', 'iww8zvhjv2bi', now(), null, null);
insert into class (uuid, name, code, school_id, createdby_userid, created_at, updatedby_userid, updated_at) 
values ('7q8udvyvk9ri', 'XI-A', 'XI-A', 'mggd21p5dwf6', 'iww8zvhjv2bi', now(), null, null);
insert into class (uuid, name, code, school_id, createdby_userid, created_at, updatedby_userid, updated_at) 
values ('afsfvs0790r9', 'XI-B', 'XI-B', 'mggd21p5dwf6', 'iww8zvhjv2bi', now(), null, null);
insert into class (uuid, name, code, school_id, createdby_userid, created_at, updatedby_userid, updated_at) 
values ('tjb210n44g65', 'XII-A', 'XII-A', 'mggd21p5dwf6', 'iww8zvhjv2bi', now(), null, null);
insert into class (uuid, name, code, school_id, createdby_userid, created_at, updatedby_userid, updated_at) 
values ('d8zeu32v33rn', 'XII-B', 'XII-B', 'mggd21p5dwf6', 'iww8zvhjv2bi', now(), null, null);

insert into student (uuid, admission_number, name, gender, dob, family_unique_number, father_mobile, father_whatsapp, school_id, createdby_userid, created_at, updatedby_userid, updated_at) 
values ('bdc6ll2uib04', '4y432qnfqoza', 'Nursery-A Student 1', null, null, '8373919558', '8373919558', '8373919558', 'mggd21p5dwf6', 'iww8zvhjv2bi', now(), null, null);
insert into student (uuid, admission_number, name, gender, dob, family_unique_number, father_mobile, father_whatsapp, school_id, createdby_userid, created_at, updatedby_userid, updated_at) 
values ('43l8wir9w06i', 'qu5ougo3iq31', 'Nursery-A Student 2', null, null, '8373919560', '8373919560', '8373919560', 'mggd21p5dwf6', 'iww8zvhjv2bi', now(), null, null);
insert into student (uuid, admission_number, name, gender, dob, family_unique_number, father_mobile, father_whatsapp, school_id, createdby_userid, created_at, updatedby_userid, updated_at) 
values ('p5k2jmhrq0mk', '55ohob1i4ymx', 'Nursery-B Student 1', null, null, '8373919557', '8373919557', '8373919557', 'mggd21p5dwf6', 'iww8zvhjv2bi', now(), null, null);
insert into student (uuid, admission_number, name, gender, dob, family_unique_number, father_mobile, father_whatsapp, school_id, createdby_userid, created_at, updatedby_userid, updated_at) 
values ('i1vfs6qumfxf', 'vnl8unh9x58m', 'Nursery-B Student 2', null, null, '8373919556', '8373919556', '8373919556', 'mggd21p5dwf6', 'iww8zvhjv2bi', now(), null, null);
insert into student (uuid, admission_number, name, gender, dob, family_unique_number, father_mobile, father_whatsapp, school_id, createdby_userid, created_at, updatedby_userid, updated_at) 
values ('l0ezjk3m2080', 'fy4ulij2rlvw', 'LKG-A Student 1', null, null, '8373919558', '8373919558', '8373919558', 'mggd21p5dwf6', 'iww8zvhjv2bi', now(), null, null);
insert into student (uuid, admission_number, name, gender, dob, family_unique_number, father_mobile, father_whatsapp, school_id, createdby_userid, created_at, updatedby_userid, updated_at) 
values ('34mm01qjev28', '0z58eymzy43m', 'LKG-A Student 2', null, null, '8373919555', '8373919555', '8373919555', 'mggd21p5dwf6', 'iww8zvhjv2bi', now(), null, null);
insert into student (uuid, admission_number, name, gender, dob, family_unique_number, father_mobile, father_whatsapp, school_id, createdby_userid, created_at, updatedby_userid, updated_at) 
values ('loqjt2fmszzc', 'rl76n99xgy8f', 'LKG-B Student 1', null, null, '8373919556', '8373919556', '8373919556', 'mggd21p5dwf6', 'iww8zvhjv2bi', now(), null, null);
insert into student (uuid, admission_number, name, gender, dob, family_unique_number, father_mobile, father_whatsapp, school_id, createdby_userid, created_at, updatedby_userid, updated_at) 
values ('mm62v5iicawd', 'ejt1ou0336qi', 'LKG-B Student 2', null, null, '8373919553', '8373919553', '8373919553', 'mggd21p5dwf6', 'iww8zvhjv2bi', now(), null, null);
insert into student (uuid, admission_number, name, gender, dob, family_unique_number, father_mobile, father_whatsapp, school_id, createdby_userid, created_at, updatedby_userid, updated_at) 
values ('3q1v89auvi7j', 'h5dinlex2kyn', 'UKG-A Student 1', null, null, '8373919567', '8373919567', '8373919567', 'mggd21p5dwf6', 'iww8zvhjv2bi', now(), null, null);
insert into student (uuid, admission_number, name, gender, dob, family_unique_number, father_mobile, father_whatsapp, school_id, createdby_userid, created_at, updatedby_userid, updated_at) 
values ('p112ush20nrq', 'sf4mwnekriih', 'UKG-A Student 2', null, null, '8373919560', '8373919560', '8373919560', 'mggd21p5dwf6', 'iww8zvhjv2bi', now(), null, null);
insert into student (uuid, admission_number, name, gender, dob, family_unique_number, father_mobile, father_whatsapp, school_id, createdby_userid, created_at, updatedby_userid, updated_at) 
values ('ukjphebonk0l', '8djpaar05rhs', 'UKG-B Student 1', null, null, '8373919563', '8373919563', '8373919563', 'mggd21p5dwf6', 'iww8zvhjv2bi', now(), null, null);
insert into student (uuid, admission_number, name, gender, dob, family_unique_number, father_mobile, father_whatsapp, school_id, createdby_userid, created_at, updatedby_userid, updated_at) 
values ('2lwtya24tjzo', 'rwi3uoh2mqul', 'UKG-B Student 2', null, null, '8373919551', '8373919551', '8373919551', 'mggd21p5dwf6', 'iww8zvhjv2bi', now(), null, null);
insert into student (uuid, admission_number, name, gender, dob, family_unique_number, father_mobile, father_whatsapp, school_id, createdby_userid, created_at, updatedby_userid, updated_at) 
values ('xu2kzjoks37m', 'h6ialqpwm467', 'I-A Student 1', null, null, '8373919562', '8373919562', '8373919562', 'mggd21p5dwf6', 'iww8zvhjv2bi', now(), null, null);
insert into student (uuid, admission_number, name, gender, dob, family_unique_number, father_mobile, father_whatsapp, school_id, createdby_userid, created_at, updatedby_userid, updated_at) 
values ('hkmhohr3uom7', 'eqcwtv4hv48m', 'I-A Student 2', null, null, '8373919562', '8373919562', '8373919562', 'mggd21p5dwf6', 'iww8zvhjv2bi', now(), null, null);
insert into student (uuid, admission_number, name, gender, dob, family_unique_number, father_mobile, father_whatsapp, school_id, createdby_userid, created_at, updatedby_userid, updated_at) 
values ('qe0m8gb2xbgm', 'brvxqyzm6cko', 'I-B Student 1', null, null, '8373919551', '8373919551', '8373919551', 'mggd21p5dwf6', 'iww8zvhjv2bi', now(), null, null);
insert into student (uuid, admission_number, name, gender, dob, family_unique_number, father_mobile, father_whatsapp, school_id, createdby_userid, created_at, updatedby_userid, updated_at) 
values ('mimdekhfizx2', 'atmf4xl49iq1', 'I-B Student 2', null, null, '8373919560', '8373919560', '8373919560', 'mggd21p5dwf6', 'iww8zvhjv2bi', now(), null, null);
insert into student (uuid, admission_number, name, gender, dob, family_unique_number, father_mobile, father_whatsapp, school_id, createdby_userid, created_at, updatedby_userid, updated_at) 
values ('ryeqqle4vzr0', '0z4h1ap1uwj7', 'II-A Student 1', null, null, '8373919561', '8373919561', '8373919561', 'mggd21p5dwf6', 'iww8zvhjv2bi', now(), null, null);
insert into student (uuid, admission_number, name, gender, dob, family_unique_number, father_mobile, father_whatsapp, school_id, createdby_userid, created_at, updatedby_userid, updated_at) 
values ('gk0xpzm770ip', 'j5zlse9lvn5z', 'II-A Student 2', null, null, '8373919552', '8373919552', '8373919552', 'mggd21p5dwf6', 'iww8zvhjv2bi', now(), null, null);
insert into student (uuid, admission_number, name, gender, dob, family_unique_number, father_mobile, father_whatsapp, school_id, createdby_userid, created_at, updatedby_userid, updated_at) 
values ('6a9x6847kxe0', 'rliyhlen5s9j', 'II-B Student 1', null, null, '8373919556', '8373919556', '8373919556', 'mggd21p5dwf6', 'iww8zvhjv2bi', now(), null, null);
insert into student (uuid, admission_number, name, gender, dob, family_unique_number, father_mobile, father_whatsapp, school_id, createdby_userid, created_at, updatedby_userid, updated_at) 
values ('ig8uxx4q70jz', 'ydd9ch7j9shy', 'II-B Student 2', null, null, '8373919555', '8373919555', '8373919555', 'mggd21p5dwf6', 'iww8zvhjv2bi', now(), null, null);
insert into student (uuid, admission_number, name, gender, dob, family_unique_number, father_mobile, father_whatsapp, school_id, createdby_userid, created_at, updatedby_userid, updated_at) 
values ('r75cw1ph3jfx', '6nrdmbuo585e', 'III-A Student 1', null, null, '8373919558', '8373919558', '8373919558', 'mggd21p5dwf6', 'iww8zvhjv2bi', now(), null, null);
insert into student (uuid, admission_number, name, gender, dob, family_unique_number, father_mobile, father_whatsapp, school_id, createdby_userid, created_at, updatedby_userid, updated_at) 
values ('bk8zb9ijeyxu', '8onswtbfkvpq', 'III-A Student 2', null, null, '8373919557', '8373919557', '8373919557', 'mggd21p5dwf6', 'iww8zvhjv2bi', now(), null, null);
insert into student (uuid, admission_number, name, gender, dob, family_unique_number, father_mobile, father_whatsapp, school_id, createdby_userid, created_at, updatedby_userid, updated_at) 
values ('3xdbvstx4pvx', 'xqtosrdrpdvz', 'III-B Student 1', null, null, '8373919559', '8373919559', '8373919559', 'mggd21p5dwf6', 'iww8zvhjv2bi', now(), null, null);
insert into student (uuid, admission_number, name, gender, dob, family_unique_number, father_mobile, father_whatsapp, school_id, createdby_userid, created_at, updatedby_userid, updated_at) 
values ('zg7nnegw1ya1', '8jcwdkbcn7cm', 'III-B Student 2', null, null, '8373919570', '8373919570', '8373919570', 'mggd21p5dwf6', 'iww8zvhjv2bi', now(), null, null);
insert into student (uuid, admission_number, name, gender, dob, family_unique_number, father_mobile, father_whatsapp, school_id, createdby_userid, created_at, updatedby_userid, updated_at) 
values ('6g51ix7korth', 'jzdel96o584q', 'IV-A Student 1', null, null, '8373919568', '8373919568', '8373919568', 'mggd21p5dwf6', 'iww8zvhjv2bi', now(), null, null);
insert into student (uuid, admission_number, name, gender, dob, family_unique_number, father_mobile, father_whatsapp, school_id, createdby_userid, created_at, updatedby_userid, updated_at) 
values ('u44ljt1i8p1r', 'ni6smxgdnu49', 'IV-A Student 2', null, null, '8373919552', '8373919552', '8373919552', 'mggd21p5dwf6', 'iww8zvhjv2bi', now(), null, null);
insert into student (uuid, admission_number, name, gender, dob, family_unique_number, father_mobile, father_whatsapp, school_id, createdby_userid, created_at, updatedby_userid, updated_at) 
values ('8wsdvsvzp6tu', 'n881eete5qho', 'IV-B Student 1', null, null, '8373919566', '8373919566', '8373919566', 'mggd21p5dwf6', 'iww8zvhjv2bi', now(), null, null);
insert into student (uuid, admission_number, name, gender, dob, family_unique_number, father_mobile, father_whatsapp, school_id, createdby_userid, created_at, updatedby_userid, updated_at) 
values ('h1sx2ssczrco', '39fp3wxz5qqg', 'IV-B Student 2', null, null, '8373919564', '8373919564', '8373919564', 'mggd21p5dwf6', 'iww8zvhjv2bi', now(), null, null);
insert into student (uuid, admission_number, name, gender, dob, family_unique_number, father_mobile, father_whatsapp, school_id, createdby_userid, created_at, updatedby_userid, updated_at) 
values ('udkhnpfvojmp', 'n9rq1imxaict', 'V-A Student 1', null, null, '8373919554', '8373919554', '8373919554', 'mggd21p5dwf6', 'iww8zvhjv2bi', now(), null, null);
insert into student (uuid, admission_number, name, gender, dob, family_unique_number, father_mobile, father_whatsapp, school_id, createdby_userid, created_at, updatedby_userid, updated_at) 
values ('xcajkhd33ozv', 'zneqawi65pmn', 'V-A Student 2', null, null, '8373919551', '8373919551', '8373919551', 'mggd21p5dwf6', 'iww8zvhjv2bi', now(), null, null);
insert into student (uuid, admission_number, name, gender, dob, family_unique_number, father_mobile, father_whatsapp, school_id, createdby_userid, created_at, updatedby_userid, updated_at) 
values ('gv79jq0qupbf', 'qyhch8wqptnv', 'V-B Student 1', null, null, '8373919566', '8373919566', '8373919566', 'mggd21p5dwf6', 'iww8zvhjv2bi', now(), null, null);
insert into student (uuid, admission_number, name, gender, dob, family_unique_number, father_mobile, father_whatsapp, school_id, createdby_userid, created_at, updatedby_userid, updated_at) 
values ('a3phdlan34gc', '9x9nh9v2mtql', 'V-B Student 2', null, null, '8373919559', '8373919559', '8373919559', 'mggd21p5dwf6', 'iww8zvhjv2bi', now(), null, null);
insert into student (uuid, admission_number, name, gender, dob, family_unique_number, father_mobile, father_whatsapp, school_id, createdby_userid, created_at, updatedby_userid, updated_at) 
values ('gu422n9epk29', '6bogvx3enxql', 'VI-A Student 1', null, null, '8373919570', '8373919570', '8373919570', 'mggd21p5dwf6', 'iww8zvhjv2bi', now(), null, null);
insert into student (uuid, admission_number, name, gender, dob, family_unique_number, father_mobile, father_whatsapp, school_id, createdby_userid, created_at, updatedby_userid, updated_at) 
values ('lzkxoads0bpt', '06129wexf9hp', 'VI-A Student 2', null, null, '8373919563', '8373919563', '8373919563', 'mggd21p5dwf6', 'iww8zvhjv2bi', now(), null, null);
insert into student (uuid, admission_number, name, gender, dob, family_unique_number, father_mobile, father_whatsapp, school_id, createdby_userid, created_at, updatedby_userid, updated_at) 
values ('kk7ro1f65b0u', 'cgraqoaz34f9', 'VI-B Student 1', null, null, '8373919567', '8373919567', '8373919567', 'mggd21p5dwf6', 'iww8zvhjv2bi', now(), null, null);
insert into student (uuid, admission_number, name, gender, dob, family_unique_number, father_mobile, father_whatsapp, school_id, createdby_userid, created_at, updatedby_userid, updated_at) 
values ('a25igg43rg6f', '88omm50nlrb5', 'VI-B Student 2', null, null, '8373919565', '8373919565', '8373919565', 'mggd21p5dwf6', 'iww8zvhjv2bi', now(), null, null);
insert into student (uuid, admission_number, name, gender, dob, family_unique_number, father_mobile, father_whatsapp, school_id, createdby_userid, created_at, updatedby_userid, updated_at) 
values ('ivi4w5qxakea', 'v2eotyzdef11', 'VII-A Student 1', null, null, '8373919557', '8373919557', '8373919557', 'mggd21p5dwf6', 'iww8zvhjv2bi', now(), null, null);
insert into student (uuid, admission_number, name, gender, dob, family_unique_number, father_mobile, father_whatsapp, school_id, createdby_userid, created_at, updatedby_userid, updated_at) 
values ('ea05ncbnvrg7', 'i285qh7micti', 'VII-A Student 2', null, null, '8373919568', '8373919568', '8373919568', 'mggd21p5dwf6', 'iww8zvhjv2bi', now(), null, null);
insert into student (uuid, admission_number, name, gender, dob, family_unique_number, father_mobile, father_whatsapp, school_id, createdby_userid, created_at, updatedby_userid, updated_at) 
values ('opd6556lq1nb', '0yk0efxkx2p6', 'VII-B Student 1', null, null, '8373919557', '8373919557', '8373919557', 'mggd21p5dwf6', 'iww8zvhjv2bi', now(), null, null);
insert into student (uuid, admission_number, name, gender, dob, family_unique_number, father_mobile, father_whatsapp, school_id, createdby_userid, created_at, updatedby_userid, updated_at) 
values ('dru1bu1m9dos', 'ierkeqzp1uzj', 'VII-B Student 2', null, null, '8373919554', '8373919554', '8373919554', 'mggd21p5dwf6', 'iww8zvhjv2bi', now(), null, null);
insert into student (uuid, admission_number, name, gender, dob, family_unique_number, father_mobile, father_whatsapp, school_id, createdby_userid, created_at, updatedby_userid, updated_at) 
values ('tli4yu5z8mv9', '3t0ig7dbm48e', 'VIII-A Student 1', null, null, '8373919558', '8373919558', '8373919558', 'mggd21p5dwf6', 'iww8zvhjv2bi', now(), null, null);
insert into student (uuid, admission_number, name, gender, dob, family_unique_number, father_mobile, father_whatsapp, school_id, createdby_userid, created_at, updatedby_userid, updated_at) 
values ('ehzma2dqm4ab', '0aucjwj4r2ir', 'VIII-A Student 2', null, null, '8373919559', '8373919559', '8373919559', 'mggd21p5dwf6', 'iww8zvhjv2bi', now(), null, null);
insert into student (uuid, admission_number, name, gender, dob, family_unique_number, father_mobile, father_whatsapp, school_id, createdby_userid, created_at, updatedby_userid, updated_at) 
values ('wqbb4czau654', '51w0nkl040g4', 'VIII-B Student 1', null, null, '8373919568', '8373919568', '8373919568', 'mggd21p5dwf6', 'iww8zvhjv2bi', now(), null, null);
insert into student (uuid, admission_number, name, gender, dob, family_unique_number, father_mobile, father_whatsapp, school_id, createdby_userid, created_at, updatedby_userid, updated_at) 
values ('k9l8d13pa5hy', 'pidomwza3kvy', 'VIII-B Student 2', null, null, '8373919554', '8373919554', '8373919554', 'mggd21p5dwf6', 'iww8zvhjv2bi', now(), null, null);
insert into student (uuid, admission_number, name, gender, dob, family_unique_number, father_mobile, father_whatsapp, school_id, createdby_userid, created_at, updatedby_userid, updated_at) 
values ('7iv4ik1c2ywl', '6xan34ieqnx7', 'IX-A Student 1', null, null, '8373919566', '8373919566', '8373919566', 'mggd21p5dwf6', 'iww8zvhjv2bi', now(), null, null);
insert into student (uuid, admission_number, name, gender, dob, family_unique_number, father_mobile, father_whatsapp, school_id, createdby_userid, created_at, updatedby_userid, updated_at) 
values ('cm2foliij7m2', 'h0clejjcgpz0', 'IX-A Student 2', null, null, '8373919561', '8373919561', '8373919561', 'mggd21p5dwf6', 'iww8zvhjv2bi', now(), null, null);
insert into student (uuid, admission_number, name, gender, dob, family_unique_number, father_mobile, father_whatsapp, school_id, createdby_userid, created_at, updatedby_userid, updated_at) 
values ('wmg5v13dcs0q', 'vjsxi32z75iz', 'IX-B Student 1', null, null, '8373919561', '8373919561', '8373919561', 'mggd21p5dwf6', 'iww8zvhjv2bi', now(), null, null);
insert into student (uuid, admission_number, name, gender, dob, family_unique_number, father_mobile, father_whatsapp, school_id, createdby_userid, created_at, updatedby_userid, updated_at) 
values ('p7nyrrz7ermd', 'b2aghd8ap6m5', 'IX-B Student 2', null, null, '8373919555', '8373919555', '8373919555', 'mggd21p5dwf6', 'iww8zvhjv2bi', now(), null, null);
insert into student (uuid, admission_number, name, gender, dob, family_unique_number, father_mobile, father_whatsapp, school_id, createdby_userid, created_at, updatedby_userid, updated_at) 
values ('k3ybzlm7ulmh', '3l4wplspc2q7', 'X-A Student 1', null, null, '8373919560', '8373919560', '8373919560', 'mggd21p5dwf6', 'iww8zvhjv2bi', now(), null, null);
insert into student (uuid, admission_number, name, gender, dob, family_unique_number, father_mobile, father_whatsapp, school_id, createdby_userid, created_at, updatedby_userid, updated_at) 
values ('3ejk4i7afcu6', 'j1iii89924qm', 'X-A Student 2', null, null, '8373919564', '8373919564', '8373919564', 'mggd21p5dwf6', 'iww8zvhjv2bi', now(), null, null);
insert into student (uuid, admission_number, name, gender, dob, family_unique_number, father_mobile, father_whatsapp, school_id, createdby_userid, created_at, updatedby_userid, updated_at) 
values ('q1agl1popmxj', 'f02kmyyy078r', 'X-B Student 1', null, null, '8373919570', '8373919570', '8373919570', 'mggd21p5dwf6', 'iww8zvhjv2bi', now(), null, null);
insert into student (uuid, admission_number, name, gender, dob, family_unique_number, father_mobile, father_whatsapp, school_id, createdby_userid, created_at, updatedby_userid, updated_at) 
values ('9xbw3tc1hxx4', 'umczpy1a5iit', 'X-B Student 2', null, null, '8373919570', '8373919570', '8373919570', 'mggd21p5dwf6', 'iww8zvhjv2bi', now(), null, null);
insert into student (uuid, admission_number, name, gender, dob, family_unique_number, father_mobile, father_whatsapp, school_id, createdby_userid, created_at, updatedby_userid, updated_at) 
values ('25ciot4z4itn', 'rf0t6i38ps0l', 'XI-A Student 1', null, null, '8373919555', '8373919555', '8373919555', 'mggd21p5dwf6', 'iww8zvhjv2bi', now(), null, null);
insert into student (uuid, admission_number, name, gender, dob, family_unique_number, father_mobile, father_whatsapp, school_id, createdby_userid, created_at, updatedby_userid, updated_at) 
values ('qunj6qa8fhsf', 'ji4htcy2iin0', 'XI-A Student 2', null, null, '8373919560', '8373919560', '8373919560', 'mggd21p5dwf6', 'iww8zvhjv2bi', now(), null, null);
insert into student (uuid, admission_number, name, gender, dob, family_unique_number, father_mobile, father_whatsapp, school_id, createdby_userid, created_at, updatedby_userid, updated_at) 
values ('hbi5asluoxrw', 'pfwc8fnxzxk6', 'XI-B Student 1', null, null, '8373919567', '8373919567', '8373919567', 'mggd21p5dwf6', 'iww8zvhjv2bi', now(), null, null);
insert into student (uuid, admission_number, name, gender, dob, family_unique_number, father_mobile, father_whatsapp, school_id, createdby_userid, created_at, updatedby_userid, updated_at) 
values ('9asaufmdaf06', '9pvv6n5r09ec', 'XI-B Student 2', null, null, '8373919563', '8373919563', '8373919563', 'mggd21p5dwf6', 'iww8zvhjv2bi', now(), null, null);
insert into student (uuid, admission_number, name, gender, dob, family_unique_number, father_mobile, father_whatsapp, school_id, createdby_userid, created_at, updatedby_userid, updated_at) 
values ('ig8ziwwcz6yp', 'tmiftdl7uap3', 'XII-A Student 1', null, null, '8373919551', '8373919551', '8373919551', 'mggd21p5dwf6', 'iww8zvhjv2bi', now(), null, null);
insert into student (uuid, admission_number, name, gender, dob, family_unique_number, father_mobile, father_whatsapp, school_id, createdby_userid, created_at, updatedby_userid, updated_at) 
values ('2phvvwntt6pn', 'e5wzf7omwsth', 'XII-A Student 2', null, null, '8373919551', '8373919551', '8373919551', 'mggd21p5dwf6', 'iww8zvhjv2bi', now(), null, null);
insert into student (uuid, admission_number, name, gender, dob, family_unique_number, father_mobile, father_whatsapp, school_id, createdby_userid, created_at, updatedby_userid, updated_at) 
values ('npver9xgjdoe', 'mdc10ub2fa4n', 'XII-B Student 1', null, null, '8373919562', '8373919562', '8373919562', 'mggd21p5dwf6', 'iww8zvhjv2bi', now(), null, null);
insert into student (uuid, admission_number, name, gender, dob, family_unique_number, father_mobile, father_whatsapp, school_id, createdby_userid, created_at, updatedby_userid, updated_at) 
values ('ltg2qb3m0n9o', 'e4tp8vyx4wvz', 'XII-B Student 2', null, null, '8373919558', '8373919558', '8373919558', 'mggd21p5dwf6', 'iww8zvhjv2bi', now(), null, null);

insert into student_class (uuid, student_id, academic_year_id, class_id, school_id, createdby_userid, created_at, updatedby_userid, updated_at) 
values ('7hste2pux1o1', 'bdc6ll2uib04', 'eso8p4ft3133', '3jvvqt7ans2h', 'mggd21p5dwf6', 'iww8zvhjv2bi', now(), null, null);
insert into student_class (uuid, student_id, academic_year_id, class_id, school_id, createdby_userid, created_at, updatedby_userid, updated_at) 
values ('svc0362fpjhm', '43l8wir9w06i', 'eso8p4ft3133', '3jvvqt7ans2h', 'mggd21p5dwf6', 'iww8zvhjv2bi', now(), null, null);
insert into student_class (uuid, student_id, academic_year_id, class_id, school_id, createdby_userid, created_at, updatedby_userid, updated_at) 
values ('8on0163ynyct', 'p5k2jmhrq0mk', 'eso8p4ft3133', 'dok0gkds31i6', 'mggd21p5dwf6', 'iww8zvhjv2bi', now(), null, null);
insert into student_class (uuid, student_id, academic_year_id, class_id, school_id, createdby_userid, created_at, updatedby_userid, updated_at) 
values ('op66ma71rxsl', 'i1vfs6qumfxf', 'eso8p4ft3133', 'dok0gkds31i6', 'mggd21p5dwf6', 'iww8zvhjv2bi', now(), null, null);
insert into student_class (uuid, student_id, academic_year_id, class_id, school_id, createdby_userid, created_at, updatedby_userid, updated_at) 
values ('e5vl03exxl5d', 'l0ezjk3m2080', 'eso8p4ft3133', '5tsoeqo3y20s', 'mggd21p5dwf6', 'iww8zvhjv2bi', now(), null, null);
insert into student_class (uuid, student_id, academic_year_id, class_id, school_id, createdby_userid, created_at, updatedby_userid, updated_at) 
values ('e2mrnmajtyw7', '34mm01qjev28', 'eso8p4ft3133', '5tsoeqo3y20s', 'mggd21p5dwf6', 'iww8zvhjv2bi', now(), null, null);
insert into student_class (uuid, student_id, academic_year_id, class_id, school_id, createdby_userid, created_at, updatedby_userid, updated_at) 
values ('bqvxjm6fh6s3', 'loqjt2fmszzc', 'eso8p4ft3133', 'bbrrlflw8n9n', 'mggd21p5dwf6', 'iww8zvhjv2bi', now(), null, null);
insert into student_class (uuid, student_id, academic_year_id, class_id, school_id, createdby_userid, created_at, updatedby_userid, updated_at) 
values ('hyixdofb1tfg', 'mm62v5iicawd', 'eso8p4ft3133', 'bbrrlflw8n9n', 'mggd21p5dwf6', 'iww8zvhjv2bi', now(), null, null);
insert into student_class (uuid, student_id, academic_year_id, class_id, school_id, createdby_userid, created_at, updatedby_userid, updated_at) 
values ('915pzjk0rguu', '3q1v89auvi7j', 'eso8p4ft3133', 'f1dhaxvljzoi', 'mggd21p5dwf6', 'iww8zvhjv2bi', now(), null, null);
insert into student_class (uuid, student_id, academic_year_id, class_id, school_id, createdby_userid, created_at, updatedby_userid, updated_at) 
values ('gpxm37b9ycgd', 'p112ush20nrq', 'eso8p4ft3133', 'f1dhaxvljzoi', 'mggd21p5dwf6', 'iww8zvhjv2bi', now(), null, null);
insert into student_class (uuid, student_id, academic_year_id, class_id, school_id, createdby_userid, created_at, updatedby_userid, updated_at) 
values ('zdw0vb8xcjms', 'ukjphebonk0l', 'eso8p4ft3133', 'af7ffpcxdxk7', 'mggd21p5dwf6', 'iww8zvhjv2bi', now(), null, null);
insert into student_class (uuid, student_id, academic_year_id, class_id, school_id, createdby_userid, created_at, updatedby_userid, updated_at) 
values ('onad280c8ax1', '2lwtya24tjzo', 'eso8p4ft3133', 'af7ffpcxdxk7', 'mggd21p5dwf6', 'iww8zvhjv2bi', now(), null, null);
insert into student_class (uuid, student_id, academic_year_id, class_id, school_id, createdby_userid, created_at, updatedby_userid, updated_at) 
values ('sn1if4syq428', 'xu2kzjoks37m', 'eso8p4ft3133', 'o04mjd8o4mqp', 'mggd21p5dwf6', 'iww8zvhjv2bi', now(), null, null);
insert into student_class (uuid, student_id, academic_year_id, class_id, school_id, createdby_userid, created_at, updatedby_userid, updated_at) 
values ('5djr43edrs43', 'hkmhohr3uom7', 'eso8p4ft3133', 'o04mjd8o4mqp', 'mggd21p5dwf6', 'iww8zvhjv2bi', now(), null, null);
insert into student_class (uuid, student_id, academic_year_id, class_id, school_id, createdby_userid, created_at, updatedby_userid, updated_at) 
values ('6s17a3443iev', 'qe0m8gb2xbgm', 'eso8p4ft3133', 'q1c26c84v2td', 'mggd21p5dwf6', 'iww8zvhjv2bi', now(), null, null);
insert into student_class (uuid, student_id, academic_year_id, class_id, school_id, createdby_userid, created_at, updatedby_userid, updated_at) 
values ('enlrgfzlhm76', 'mimdekhfizx2', 'eso8p4ft3133', 'q1c26c84v2td', 'mggd21p5dwf6', 'iww8zvhjv2bi', now(), null, null);
insert into student_class (uuid, student_id, academic_year_id, class_id, school_id, createdby_userid, created_at, updatedby_userid, updated_at) 
values ('q6nslff0747l', 'ryeqqle4vzr0', 'eso8p4ft3133', '3moc8e933jph', 'mggd21p5dwf6', 'iww8zvhjv2bi', now(), null, null);
insert into student_class (uuid, student_id, academic_year_id, class_id, school_id, createdby_userid, created_at, updatedby_userid, updated_at) 
values ('a5x12beqbyct', 'gk0xpzm770ip', 'eso8p4ft3133', '3moc8e933jph', 'mggd21p5dwf6', 'iww8zvhjv2bi', now(), null, null);
insert into student_class (uuid, student_id, academic_year_id, class_id, school_id, createdby_userid, created_at, updatedby_userid, updated_at) 
values ('6m20u80yxntr', '6a9x6847kxe0', 'eso8p4ft3133', 'tx36g2pmy5q1', 'mggd21p5dwf6', 'iww8zvhjv2bi', now(), null, null);
insert into student_class (uuid, student_id, academic_year_id, class_id, school_id, createdby_userid, created_at, updatedby_userid, updated_at) 
values ('exf0tq8vnthv', 'ig8uxx4q70jz', 'eso8p4ft3133', 'tx36g2pmy5q1', 'mggd21p5dwf6', 'iww8zvhjv2bi', now(), null, null);
insert into student_class (uuid, student_id, academic_year_id, class_id, school_id, createdby_userid, created_at, updatedby_userid, updated_at) 
values ('ghz1rpsccfaz', 'r75cw1ph3jfx', 'eso8p4ft3133', 'pas22390i4e0', 'mggd21p5dwf6', 'iww8zvhjv2bi', now(), null, null);
insert into student_class (uuid, student_id, academic_year_id, class_id, school_id, createdby_userid, created_at, updatedby_userid, updated_at) 
values ('cgo24zsqa5gs', 'bk8zb9ijeyxu', 'eso8p4ft3133', 'pas22390i4e0', 'mggd21p5dwf6', 'iww8zvhjv2bi', now(), null, null);
insert into student_class (uuid, student_id, academic_year_id, class_id, school_id, createdby_userid, created_at, updatedby_userid, updated_at) 
values ('5rulz3fjjltx', '3xdbvstx4pvx', 'eso8p4ft3133', 'zwsumoo7lpng', 'mggd21p5dwf6', 'iww8zvhjv2bi', now(), null, null);
insert into student_class (uuid, student_id, academic_year_id, class_id, school_id, createdby_userid, created_at, updatedby_userid, updated_at) 
values ('m9rkv70q0kyk', 'zg7nnegw1ya1', 'eso8p4ft3133', 'zwsumoo7lpng', 'mggd21p5dwf6', 'iww8zvhjv2bi', now(), null, null);
insert into student_class (uuid, student_id, academic_year_id, class_id, school_id, createdby_userid, created_at, updatedby_userid, updated_at) 
values ('qrb26kr333ly', '6g51ix7korth', 'eso8p4ft3133', 'qtmd89od3he4', 'mggd21p5dwf6', 'iww8zvhjv2bi', now(), null, null);
insert into student_class (uuid, student_id, academic_year_id, class_id, school_id, createdby_userid, created_at, updatedby_userid, updated_at) 
values ('mwvfsjijbrta', 'u44ljt1i8p1r', 'eso8p4ft3133', 'qtmd89od3he4', 'mggd21p5dwf6', 'iww8zvhjv2bi', now(), null, null);
insert into student_class (uuid, student_id, academic_year_id, class_id, school_id, createdby_userid, created_at, updatedby_userid, updated_at) 
values ('0v3yo92epxy6', '8wsdvsvzp6tu', 'eso8p4ft3133', 'ls9r3wvjliyk', 'mggd21p5dwf6', 'iww8zvhjv2bi', now(), null, null);
insert into student_class (uuid, student_id, academic_year_id, class_id, school_id, createdby_userid, created_at, updatedby_userid, updated_at) 
values ('j6eelvo3j2vl', 'h1sx2ssczrco', 'eso8p4ft3133', 'ls9r3wvjliyk', 'mggd21p5dwf6', 'iww8zvhjv2bi', now(), null, null);
insert into student_class (uuid, student_id, academic_year_id, class_id, school_id, createdby_userid, created_at, updatedby_userid, updated_at) 
values ('menxp3svdjor', 'udkhnpfvojmp', 'eso8p4ft3133', 'nyjfqis5t5lz', 'mggd21p5dwf6', 'iww8zvhjv2bi', now(), null, null);
insert into student_class (uuid, student_id, academic_year_id, class_id, school_id, createdby_userid, created_at, updatedby_userid, updated_at) 
values ('d0uv2urvpy02', 'xcajkhd33ozv', 'eso8p4ft3133', 'nyjfqis5t5lz', 'mggd21p5dwf6', 'iww8zvhjv2bi', now(), null, null);
insert into student_class (uuid, student_id, academic_year_id, class_id, school_id, createdby_userid, created_at, updatedby_userid, updated_at) 
values ('d9t4zukja5xl', 'gv79jq0qupbf', 'eso8p4ft3133', 'hbuxii0jjnve', 'mggd21p5dwf6', 'iww8zvhjv2bi', now(), null, null);
insert into student_class (uuid, student_id, academic_year_id, class_id, school_id, createdby_userid, created_at, updatedby_userid, updated_at) 
values ('ge0az5g4c0jz', 'a3phdlan34gc', 'eso8p4ft3133', 'hbuxii0jjnve', 'mggd21p5dwf6', 'iww8zvhjv2bi', now(), null, null);
insert into student_class (uuid, student_id, academic_year_id, class_id, school_id, createdby_userid, created_at, updatedby_userid, updated_at) 
values ('kpnfuiyq08my', 'gu422n9epk29', 'eso8p4ft3133', 'ki5rs92i3b2a', 'mggd21p5dwf6', 'iww8zvhjv2bi', now(), null, null);
insert into student_class (uuid, student_id, academic_year_id, class_id, school_id, createdby_userid, created_at, updatedby_userid, updated_at) 
values ('kuwo0p9pigwc', 'lzkxoads0bpt', 'eso8p4ft3133', 'ki5rs92i3b2a', 'mggd21p5dwf6', 'iww8zvhjv2bi', now(), null, null);
insert into student_class (uuid, student_id, academic_year_id, class_id, school_id, createdby_userid, created_at, updatedby_userid, updated_at) 
values ('ma5quevag0sd', 'kk7ro1f65b0u', 'eso8p4ft3133', 'q3olhaej6sy8', 'mggd21p5dwf6', 'iww8zvhjv2bi', now(), null, null);
insert into student_class (uuid, student_id, academic_year_id, class_id, school_id, createdby_userid, created_at, updatedby_userid, updated_at) 
values ('ztzsz7zhymkz', 'a25igg43rg6f', 'eso8p4ft3133', 'q3olhaej6sy8', 'mggd21p5dwf6', 'iww8zvhjv2bi', now(), null, null);
insert into student_class (uuid, student_id, academic_year_id, class_id, school_id, createdby_userid, created_at, updatedby_userid, updated_at) 
values ('li4ftsi2ovwr', 'ivi4w5qxakea', 'eso8p4ft3133', 'lpg9hbm3y0ke', 'mggd21p5dwf6', 'iww8zvhjv2bi', now(), null, null);
insert into student_class (uuid, student_id, academic_year_id, class_id, school_id, createdby_userid, created_at, updatedby_userid, updated_at) 
values ('hpegha60b1cm', 'ea05ncbnvrg7', 'eso8p4ft3133', 'lpg9hbm3y0ke', 'mggd21p5dwf6', 'iww8zvhjv2bi', now(), null, null);
insert into student_class (uuid, student_id, academic_year_id, class_id, school_id, createdby_userid, created_at, updatedby_userid, updated_at) 
values ('ecxrbu06y78p', 'opd6556lq1nb', 'eso8p4ft3133', 'scr1wtdr4pdr', 'mggd21p5dwf6', 'iww8zvhjv2bi', now(), null, null);
insert into student_class (uuid, student_id, academic_year_id, class_id, school_id, createdby_userid, created_at, updatedby_userid, updated_at) 
values ('k0d0jwoo3wc3', 'dru1bu1m9dos', 'eso8p4ft3133', 'scr1wtdr4pdr', 'mggd21p5dwf6', 'iww8zvhjv2bi', now(), null, null);
insert into student_class (uuid, student_id, academic_year_id, class_id, school_id, createdby_userid, created_at, updatedby_userid, updated_at) 
values ('8xnntp35olea', 'tli4yu5z8mv9', 'eso8p4ft3133', 'y6vgo4uzke5c', 'mggd21p5dwf6', 'iww8zvhjv2bi', now(), null, null);
insert into student_class (uuid, student_id, academic_year_id, class_id, school_id, createdby_userid, created_at, updatedby_userid, updated_at) 
values ('vnn2mc6s384d', 'ehzma2dqm4ab', 'eso8p4ft3133', 'y6vgo4uzke5c', 'mggd21p5dwf6', 'iww8zvhjv2bi', now(), null, null);
insert into student_class (uuid, student_id, academic_year_id, class_id, school_id, createdby_userid, created_at, updatedby_userid, updated_at) 
values ('mcy8omgoav6y', 'wqbb4czau654', 'eso8p4ft3133', 'bhebdm6wirwn', 'mggd21p5dwf6', 'iww8zvhjv2bi', now(), null, null);
insert into student_class (uuid, student_id, academic_year_id, class_id, school_id, createdby_userid, created_at, updatedby_userid, updated_at) 
values ('08gmcp0qxhcq', 'k9l8d13pa5hy', 'eso8p4ft3133', 'bhebdm6wirwn', 'mggd21p5dwf6', 'iww8zvhjv2bi', now(), null, null);
insert into student_class (uuid, student_id, academic_year_id, class_id, school_id, createdby_userid, created_at, updatedby_userid, updated_at) 
values ('i3pkosirh1en', '7iv4ik1c2ywl', 'eso8p4ft3133', 'vo6zvw7txao6', 'mggd21p5dwf6', 'iww8zvhjv2bi', now(), null, null);
insert into student_class (uuid, student_id, academic_year_id, class_id, school_id, createdby_userid, created_at, updatedby_userid, updated_at) 
values ('sszlgmpqawfo', 'cm2foliij7m2', 'eso8p4ft3133', 'vo6zvw7txao6', 'mggd21p5dwf6', 'iww8zvhjv2bi', now(), null, null);
insert into student_class (uuid, student_id, academic_year_id, class_id, school_id, createdby_userid, created_at, updatedby_userid, updated_at) 
values ('6ycem67nlgxn', 'wmg5v13dcs0q', 'eso8p4ft3133', 'lhr50lnyzbns', 'mggd21p5dwf6', 'iww8zvhjv2bi', now(), null, null);
insert into student_class (uuid, student_id, academic_year_id, class_id, school_id, createdby_userid, created_at, updatedby_userid, updated_at) 
values ('085avd7rfmxw', 'p7nyrrz7ermd', 'eso8p4ft3133', 'lhr50lnyzbns', 'mggd21p5dwf6', 'iww8zvhjv2bi', now(), null, null);
insert into student_class (uuid, student_id, academic_year_id, class_id, school_id, createdby_userid, created_at, updatedby_userid, updated_at) 
values ('uyacclr4n1ev', 'k3ybzlm7ulmh', 'eso8p4ft3133', 'oyaqa2s6jx2t', 'mggd21p5dwf6', 'iww8zvhjv2bi', now(), null, null);
insert into student_class (uuid, student_id, academic_year_id, class_id, school_id, createdby_userid, created_at, updatedby_userid, updated_at) 
values ('nxl4hsfch41s', '3ejk4i7afcu6', 'eso8p4ft3133', 'oyaqa2s6jx2t', 'mggd21p5dwf6', 'iww8zvhjv2bi', now(), null, null);
insert into student_class (uuid, student_id, academic_year_id, class_id, school_id, createdby_userid, created_at, updatedby_userid, updated_at) 
values ('67u0bil9m6q6', 'q1agl1popmxj', 'eso8p4ft3133', '0ian53e1fdv2', 'mggd21p5dwf6', 'iww8zvhjv2bi', now(), null, null);
insert into student_class (uuid, student_id, academic_year_id, class_id, school_id, createdby_userid, created_at, updatedby_userid, updated_at) 
values ('p69l9epvziik', '9xbw3tc1hxx4', 'eso8p4ft3133', '0ian53e1fdv2', 'mggd21p5dwf6', 'iww8zvhjv2bi', now(), null, null);
insert into student_class (uuid, student_id, academic_year_id, class_id, school_id, createdby_userid, created_at, updatedby_userid, updated_at) 
values ('o5017lvry08h', '25ciot4z4itn', 'eso8p4ft3133', '7q8udvyvk9ri', 'mggd21p5dwf6', 'iww8zvhjv2bi', now(), null, null);
insert into student_class (uuid, student_id, academic_year_id, class_id, school_id, createdby_userid, created_at, updatedby_userid, updated_at) 
values ('37vnpn170ky9', 'qunj6qa8fhsf', 'eso8p4ft3133', '7q8udvyvk9ri', 'mggd21p5dwf6', 'iww8zvhjv2bi', now(), null, null);
insert into student_class (uuid, student_id, academic_year_id, class_id, school_id, createdby_userid, created_at, updatedby_userid, updated_at) 
values ('pyli10gpisc8', 'hbi5asluoxrw', 'eso8p4ft3133', 'afsfvs0790r9', 'mggd21p5dwf6', 'iww8zvhjv2bi', now(), null, null);
insert into student_class (uuid, student_id, academic_year_id, class_id, school_id, createdby_userid, created_at, updatedby_userid, updated_at) 
values ('idald9emzjt6', '9asaufmdaf06', 'eso8p4ft3133', 'afsfvs0790r9', 'mggd21p5dwf6', 'iww8zvhjv2bi', now(), null, null);
insert into student_class (uuid, student_id, academic_year_id, class_id, school_id, createdby_userid, created_at, updatedby_userid, updated_at) 
values ('uwvtz4tlkjbq', 'ig8ziwwcz6yp', 'eso8p4ft3133', 'tjb210n44g65', 'mggd21p5dwf6', 'iww8zvhjv2bi', now(), null, null);
insert into student_class (uuid, student_id, academic_year_id, class_id, school_id, createdby_userid, created_at, updatedby_userid, updated_at) 
values ('y6ngze2qsery', '2phvvwntt6pn', 'eso8p4ft3133', 'tjb210n44g65', 'mggd21p5dwf6', 'iww8zvhjv2bi', now(), null, null);
insert into student_class (uuid, student_id, academic_year_id, class_id, school_id, createdby_userid, created_at, updatedby_userid, updated_at) 
values ('x3x5ugzi61mx', 'npver9xgjdoe', 'eso8p4ft3133', 'd8zeu32v33rn', 'mggd21p5dwf6', 'iww8zvhjv2bi', now(), null, null);
insert into student_class (uuid, student_id, academic_year_id, class_id, school_id, createdby_userid, created_at, updatedby_userid, updated_at) 
values ('q6rzhxtjs8lq', 'ltg2qb3m0n9o', 'eso8p4ft3133', 'd8zeu32v33rn', 'mggd21p5dwf6', 'iww8zvhjv2bi', now(), null, null);

insert into role (uuid, name, code, school_id, createdby_userid, created_at, updatedby_userid, updated_at) 
values ('g9bz6iv21s7m', 'God', 'god', 'mggd21p5dwf6', 'iww8zvhjv2bi', now(), null, null);
insert into role (uuid, name, code, school_id, createdby_userid, created_at, updatedby_userid, updated_at) 
values ('m5ye61ao7ben', 'Admin', 'admin', 'mggd21p5dwf6', 'iww8zvhjv2bi', now(), null, null);
insert into role (uuid, name, code, school_id, createdby_userid, created_at, updatedby_userid, updated_at) 
values ('mk5ceshi1oze', 'Class Teacher', 'class-teacher', 'mggd21p5dwf6', 'iww8zvhjv2bi', now(), null, null);
insert into role (uuid, name, code, school_id, createdby_userid, created_at, updatedby_userid, updated_at) 
values ('rv678rno7mgz', 'Transport Incharge', 'transport-incharge', 'mggd21p5dwf6', 'iww8zvhjv2bi', now(), null, null);
insert into role (uuid, name, code, school_id, createdby_userid, created_at, updatedby_userid, updated_at) 
values ('7hb8xgmwfecn', 'Medical Incharge', 'medical-incharge', 'mggd21p5dwf6', 'iww8zvhjv2bi', now(), null, null);
insert into role (uuid, name, code, school_id, createdby_userid, created_at, updatedby_userid, updated_at) 
values ('eob5515vlpyh', 'Teacher', 'teacher', 'mggd21p5dwf6', 'iww8zvhjv2bi', now(), null, null);

insert into employee (uuid, employee_number, name, family_unique_number, mobile, whatsapp, school_id, createdby_userid, created_at) 
values ('e6mw85d3tpq4', 'ovx8a88j1gms', 'Employee 1', '8373919598', '8373919598', '8373919598', 'mggd21p5dwf6', 'iww8zvhjv2bi', now());
insert into employee (uuid, employee_number, name, family_unique_number, mobile, whatsapp, school_id, createdby_userid, created_at) 
values ('thqebm6tt0d3', 'v0iwaqy83r84', 'Employee 2', '8373919595', '8373919595', '8373919595', 'mggd21p5dwf6', 'iww8zvhjv2bi', now());
insert into employee (uuid, employee_number, name, family_unique_number, mobile, whatsapp, school_id, createdby_userid, created_at) 
values ('ngs23e66kvxp', 'ymnqw2shzjr0', 'Employee 3', '8373919592', '8373919592', '8373919592', 'mggd21p5dwf6', 'iww8zvhjv2bi', now());
insert into employee (uuid, employee_number, name, family_unique_number, mobile, whatsapp, school_id, createdby_userid, created_at) 
values ('b6fxgtp4wmsm', 'ioflog4jep47', 'Employee 4', '8373919599', '8373919599', '8373919599', 'mggd21p5dwf6', 'iww8zvhjv2bi', now());
insert into employee (uuid, employee_number, name, family_unique_number, mobile, whatsapp, school_id, createdby_userid, created_at) 
values ('u5a72ctgmu11', 'je38age8x9ue', 'Employee 5', '8373919591', '8373919591', '8373919591', 'mggd21p5dwf6', 'iww8zvhjv2bi', now());

insert into employee_role (uuid, staff_id, role_id, school_id, createdby_userid, created_at, updatedby_userid, updated_at) 
values ('aovnue7pdce7', 'e6mw85d3tpq4', 'm5ye61ao7ben', 'mggd21p5dwf6', 'iww8zvhjv2bi', now(), null, null);
insert into employee_role (uuid, staff_id, role_id, school_id, createdby_userid, created_at, updatedby_userid, updated_at) 
values ('cu6338fb2iyc', 'thqebm6tt0d3', 'mk5ceshi1oze', 'mggd21p5dwf6', 'iww8zvhjv2bi', now(), null, null);
insert into employee_role (uuid, staff_id, role_id, school_id, createdby_userid, created_at, updatedby_userid, updated_at) 
values ('4yh1c9onnkjm', 'ngs23e66kvxp', 'rv678rno7mgz', 'mggd21p5dwf6', 'iww8zvhjv2bi', now(), null, null);
insert into employee_role (uuid, staff_id, role_id, school_id, createdby_userid, created_at, updatedby_userid, updated_at) 
values ('8z0f0gwwgwgx', 'b6fxgtp4wmsm', '7hb8xgmwfecn', 'mggd21p5dwf6', 'iww8zvhjv2bi', now(), null, null);
insert into employee_role (uuid, staff_id, role_id, school_id, createdby_userid, created_at, updatedby_userid, updated_at) 
values ('nbh1n5ostcas', 'u5a72ctgmu11', 'eob5515vlpyh', 'mggd21p5dwf6', 'iww8zvhjv2bi', now(), null, null);
insert into employee_role (uuid, staff_id, role_id, school_id, createdby_userid, created_at, updatedby_userid, updated_at) 
values ('ebjvq7wfoc3p', 'iww8zvhjv2bi', 'g9bz6iv21s7m', 'mggd21p5dwf6', 'iww8zvhjv2bi', now(), null, null);
