insert into academic_year (uuid, name, code, start_date, end_date, school_id, createdby_userid, created_at, updatedby_userid, updated_at) 
values ('cml3p6h3xt2s', '2025-26', '2025-26', '2025-04-01', '2026-03-31', 'b29ex8vpzdgp', 'issd7edat8ie', now(), null, null);

insert into class (uuid, name, code, school_id, createdby_userid, created_at, updatedby_userid, updated_at) 
values ('w4ub4yetz1e8', 'Nursery-A', 'Nursery-A', 'b29ex8vpzdgp', 'issd7edat8ie', now(), null, null);
insert into class (uuid, name, code, school_id, createdby_userid, created_at, updatedby_userid, updated_at) 
values ('xrh39k4qmxbk', 'Nursery-B', 'Nursery-B', 'b29ex8vpzdgp', 'issd7edat8ie', now(), null, null);
insert into class (uuid, name, code, school_id, createdby_userid, created_at, updatedby_userid, updated_at) 
values ('4i80daunoj72', 'LKG-A', 'LKG-A', 'b29ex8vpzdgp', 'issd7edat8ie', now(), null, null);
insert into class (uuid, name, code, school_id, createdby_userid, created_at, updatedby_userid, updated_at) 
values ('5fjcp2juaphj', 'LKG-B', 'LKG-B', 'b29ex8vpzdgp', 'issd7edat8ie', now(), null, null);
insert into class (uuid, name, code, school_id, createdby_userid, created_at, updatedby_userid, updated_at) 
values ('bsjpc9lwtgz2', 'UKG-A', 'UKG-A', 'b29ex8vpzdgp', 'issd7edat8ie', now(), null, null);
insert into class (uuid, name, code, school_id, createdby_userid, created_at, updatedby_userid, updated_at) 
values ('xfcjmutn8k1a', 'UKG-B', 'UKG-B', 'b29ex8vpzdgp', 'issd7edat8ie', now(), null, null);
insert into class (uuid, name, code, school_id, createdby_userid, created_at, updatedby_userid, updated_at) 
values ('unvdsxsgzyhc', 'I-A', 'I-A', 'b29ex8vpzdgp', 'issd7edat8ie', now(), null, null);
insert into class (uuid, name, code, school_id, createdby_userid, created_at, updatedby_userid, updated_at) 
values ('b6xw2kq2z9w6', 'I-B', 'I-B', 'b29ex8vpzdgp', 'issd7edat8ie', now(), null, null);
insert into class (uuid, name, code, school_id, createdby_userid, created_at, updatedby_userid, updated_at) 
values ('king8e3igyz0', 'II-A', 'II-A', 'b29ex8vpzdgp', 'issd7edat8ie', now(), null, null);
insert into class (uuid, name, code, school_id, createdby_userid, created_at, updatedby_userid, updated_at) 
values ('e2ssb8f14s9h', 'II-B', 'II-B', 'b29ex8vpzdgp', 'issd7edat8ie', now(), null, null);
insert into class (uuid, name, code, school_id, createdby_userid, created_at, updatedby_userid, updated_at) 
values ('ydw1upvrkwo2', 'III-A', 'III-A', 'b29ex8vpzdgp', 'issd7edat8ie', now(), null, null);
insert into class (uuid, name, code, school_id, createdby_userid, created_at, updatedby_userid, updated_at) 
values ('6idaknxdd2gq', 'III-B', 'III-B', 'b29ex8vpzdgp', 'issd7edat8ie', now(), null, null);
insert into class (uuid, name, code, school_id, createdby_userid, created_at, updatedby_userid, updated_at) 
values ('azc2d6u13rrp', 'IV-A', 'IV-A', 'b29ex8vpzdgp', 'issd7edat8ie', now(), null, null);
insert into class (uuid, name, code, school_id, createdby_userid, created_at, updatedby_userid, updated_at) 
values ('bahg5nnzpk6a', 'IV-B', 'IV-B', 'b29ex8vpzdgp', 'issd7edat8ie', now(), null, null);
insert into class (uuid, name, code, school_id, createdby_userid, created_at, updatedby_userid, updated_at) 
values ('ai8t84yz19a3', 'V-A', 'V-A', 'b29ex8vpzdgp', 'issd7edat8ie', now(), null, null);
insert into class (uuid, name, code, school_id, createdby_userid, created_at, updatedby_userid, updated_at) 
values ('fd0wz3pcrbbs', 'V-B', 'V-B', 'b29ex8vpzdgp', 'issd7edat8ie', now(), null, null);
insert into class (uuid, name, code, school_id, createdby_userid, created_at, updatedby_userid, updated_at) 
values ('4wul2eiuw3e3', 'VI-A', 'VI-A', 'b29ex8vpzdgp', 'issd7edat8ie', now(), null, null);
insert into class (uuid, name, code, school_id, createdby_userid, created_at, updatedby_userid, updated_at) 
values ('1idjovdyhrtx', 'VI-B', 'VI-B', 'b29ex8vpzdgp', 'issd7edat8ie', now(), null, null);
insert into class (uuid, name, code, school_id, createdby_userid, created_at, updatedby_userid, updated_at) 
values ('f7q6s9jxa5b7', 'VII-A', 'VII-A', 'b29ex8vpzdgp', 'issd7edat8ie', now(), null, null);
insert into class (uuid, name, code, school_id, createdby_userid, created_at, updatedby_userid, updated_at) 
values ('fie741x54a3g', 'VII-B', 'VII-B', 'b29ex8vpzdgp', 'issd7edat8ie', now(), null, null);
insert into class (uuid, name, code, school_id, createdby_userid, created_at, updatedby_userid, updated_at) 
values ('hp57rnmsy415', 'VIII-A', 'VIII-A', 'b29ex8vpzdgp', 'issd7edat8ie', now(), null, null);
insert into class (uuid, name, code, school_id, createdby_userid, created_at, updatedby_userid, updated_at) 
values ('eljjgpnx84up', 'VIII-B', 'VIII-B', 'b29ex8vpzdgp', 'issd7edat8ie', now(), null, null);
insert into class (uuid, name, code, school_id, createdby_userid, created_at, updatedby_userid, updated_at) 
values ('fz507r1ljkb6', 'IX-A', 'IX-A', 'b29ex8vpzdgp', 'issd7edat8ie', now(), null, null);
insert into class (uuid, name, code, school_id, createdby_userid, created_at, updatedby_userid, updated_at) 
values ('2b34vswow3z5', 'IX-B', 'IX-B', 'b29ex8vpzdgp', 'issd7edat8ie', now(), null, null);
insert into class (uuid, name, code, school_id, createdby_userid, created_at, updatedby_userid, updated_at) 
values ('77ccjc872jry', 'X-A', 'X-A', 'b29ex8vpzdgp', 'issd7edat8ie', now(), null, null);
insert into class (uuid, name, code, school_id, createdby_userid, created_at, updatedby_userid, updated_at) 
values ('7pyr8nzyzxds', 'X-B', 'X-B', 'b29ex8vpzdgp', 'issd7edat8ie', now(), null, null);
insert into class (uuid, name, code, school_id, createdby_userid, created_at, updatedby_userid, updated_at) 
values ('o8ztbdcogxo5', 'XI-A', 'XI-A', 'b29ex8vpzdgp', 'issd7edat8ie', now(), null, null);
insert into class (uuid, name, code, school_id, createdby_userid, created_at, updatedby_userid, updated_at) 
values ('uglarxguozgf', 'XI-B', 'XI-B', 'b29ex8vpzdgp', 'issd7edat8ie', now(), null, null);
insert into class (uuid, name, code, school_id, createdby_userid, created_at, updatedby_userid, updated_at) 
values ('ihjg8u3l5ryq', 'XII-A', 'XII-A', 'b29ex8vpzdgp', 'issd7edat8ie', now(), null, null);
insert into class (uuid, name, code, school_id, createdby_userid, created_at, updatedby_userid, updated_at) 
values ('vxnxbhqvklxi', 'XII-B', 'XII-B', 'b29ex8vpzdgp', 'issd7edat8ie', now(), null, null);

insert into student (uuid, admission_number, name, gender, dob, family_unique_number, father_mobile, father_whatsapp, school_id, createdby_userid, created_at, updatedby_userid, updated_at)
values ('1dzkgtv04x8e', 'whpegc8fulpt', 'Nursery-A Student 1', null, null, '8373919565', '8373919565', '8373919565', 'b29ex8vpzdgp', 'issd7edat8ie', now(), null, null);
insert into student (uuid, admission_number, name, gender, dob, family_unique_number, father_mobile, father_whatsapp, school_id, createdby_userid, created_at, updatedby_userid, updated_at)
values ('dpozfc0lztmt', 'kg23aphmyueu', 'Nursery-A Student 2', null, null, '8373919561', '8373919561', '8373919561', 'b29ex8vpzdgp', 'issd7edat8ie', now(), null, null);
insert into student (uuid, admission_number, name, gender, dob, family_unique_number, father_mobile, father_whatsapp, school_id, createdby_userid, created_at, updatedby_userid, updated_at)
values ('lwpfc618xtzb', 'pf1t4up5vij8', 'Nursery-B Student 1', null, null, '8373919561', '8373919561', '8373919561', 'b29ex8vpzdgp', 'issd7edat8ie', now(), null, null);
insert into student (uuid, admission_number, name, gender, dob, family_unique_number, father_mobile, father_whatsapp, school_id, createdby_userid, created_at, updatedby_userid, updated_at)
values ('webxi1w69nku', 'egrib3581vuq', 'Nursery-B Student 2', null, null, '8373919563', '8373919563', '8373919563', 'b29ex8vpzdgp', 'issd7edat8ie', now(), null, null);
insert into student (uuid, admission_number, name, gender, dob, family_unique_number, father_mobile, father_whatsapp, school_id, createdby_userid, created_at, updatedby_userid, updated_at)
values ('c7m3plzypyeg', 'm7h7rxt3q4bt', 'LKG-A Student 1', null, null, '8373919551', '8373919551', '8373919551', 'b29ex8vpzdgp', 'issd7edat8ie', now(), null, null);
insert into student (uuid, admission_number, name, gender, dob, family_unique_number, father_mobile, father_whatsapp, school_id, createdby_userid, created_at, updatedby_userid, updated_at)
values ('yidap7r1z8lg', '3017otj2rxld', 'LKG-A Student 2', null, null, '8373919568', '8373919568', '8373919568', 'b29ex8vpzdgp', 'issd7edat8ie', now(), null, null);
insert into student (uuid, admission_number, name, gender, dob, family_unique_number, father_mobile, father_whatsapp, school_id, createdby_userid, created_at, updatedby_userid, updated_at)
values ('xbzhvfgo7v4y', 'peq52t2rm4nq', 'LKG-B Student 1', null, null, '8373919556', '8373919556', '8373919556', 'b29ex8vpzdgp', 'issd7edat8ie', now(), null, null);
insert into student (uuid, admission_number, name, gender, dob, family_unique_number, father_mobile, father_whatsapp, school_id, createdby_userid, created_at, updatedby_userid, updated_at)
values ('x87oicy95ee4', 'ui9yebvr5r8l', 'LKG-B Student 2', null, null, '8373919568', '8373919568', '8373919568', 'b29ex8vpzdgp', 'issd7edat8ie', now(), null, null);
insert into student (uuid, admission_number, name, gender, dob, family_unique_number, father_mobile, father_whatsapp, school_id, createdby_userid, created_at, updatedby_userid, updated_at)
values ('6081g4b5kx0g', '0tl71sfiajmr', 'UKG-A Student 1', null, null, '8373919554', '8373919554', '8373919554', 'b29ex8vpzdgp', 'issd7edat8ie', now(), null, null);
insert into student (uuid, admission_number, name, gender, dob, family_unique_number, father_mobile, father_whatsapp, school_id, createdby_userid, created_at, updatedby_userid, updated_at)
values ('65vjk7i45441', 'k8zsm1osuk1t', 'UKG-A Student 2', null, null, '8373919567', '8373919567', '8373919567', 'b29ex8vpzdgp', 'issd7edat8ie', now(), null, null);
insert into student (uuid, admission_number, name, gender, dob, family_unique_number, father_mobile, father_whatsapp, school_id, createdby_userid, created_at, updatedby_userid, updated_at)
values ('o69dl81ao8qh', 'p8og1ggngt0z', 'UKG-B Student 1', null, null, '8373919558', '8373919558', '8373919558', 'b29ex8vpzdgp', 'issd7edat8ie', now(), null, null);
insert into student (uuid, admission_number, name, gender, dob, family_unique_number, father_mobile, father_whatsapp, school_id, createdby_userid, created_at, updatedby_userid, updated_at)
values ('xubnrgn7z246', '492kjftohj9v', 'UKG-B Student 2', null, null, '8373919551', '8373919551', '8373919551', 'b29ex8vpzdgp', 'issd7edat8ie', now(), null, null);
insert into student (uuid, admission_number, name, gender, dob, family_unique_number, father_mobile, father_whatsapp, school_id, createdby_userid, created_at, updatedby_userid, updated_at)
values ('nqdq0v2vbxnb', 'ldh2zqs26xdr', 'I-A Student 1', null, null, '8373919553', '8373919553', '8373919553', 'b29ex8vpzdgp', 'issd7edat8ie', now(), null, null);
insert into student (uuid, admission_number, name, gender, dob, family_unique_number, father_mobile, father_whatsapp, school_id, createdby_userid, created_at, updatedby_userid, updated_at)
values ('hmk6f4frof2p', '8sartbiu9zsw', 'I-A Student 2', null, null, '8373919556', '8373919556', '8373919556', 'b29ex8vpzdgp', 'issd7edat8ie', now(), null, null);
insert into student (uuid, admission_number, name, gender, dob, family_unique_number, father_mobile, father_whatsapp, school_id, createdby_userid, created_at, updatedby_userid, updated_at)
values ('trapn4w1gjqo', 'pb6bekt67sj3', 'I-B Student 1', null, null, '8373919556', '8373919556', '8373919556', 'b29ex8vpzdgp', 'issd7edat8ie', now(), null, null);
insert into student (uuid, admission_number, name, gender, dob, family_unique_number, father_mobile, father_whatsapp, school_id, createdby_userid, created_at, updatedby_userid, updated_at)
values ('yimcwi4fpwgh', 'l4qhs9hwhima', 'I-B Student 2', null, null, '8373919554', '8373919554', '8373919554', 'b29ex8vpzdgp', 'issd7edat8ie', now(), null, null);
insert into student (uuid, admission_number, name, gender, dob, family_unique_number, father_mobile, father_whatsapp, school_id, createdby_userid, created_at, updatedby_userid, updated_at)
values ('o0eemzrx06jw', 'kgchmc6sn7dz', 'II-A Student 1', null, null, '8373919552', '8373919552', '8373919552', 'b29ex8vpzdgp', 'issd7edat8ie', now(), null, null);
insert into student (uuid, admission_number, name, gender, dob, family_unique_number, father_mobile, father_whatsapp, school_id, createdby_userid, created_at, updatedby_userid, updated_at)
values ('9m99sb6hhi03', 'lc38kcs3523m', 'II-A Student 2', null, null, '8373919552', '8373919552', '8373919552', 'b29ex8vpzdgp', 'issd7edat8ie', now(), null, null);
insert into student (uuid, admission_number, name, gender, dob, family_unique_number, father_mobile, father_whatsapp, school_id, createdby_userid, created_at, updatedby_userid, updated_at)
values ('doq4l8evr2g2', 'nq1jkbznkjqz', 'II-B Student 1', null, null, '8373919569', '8373919569', '8373919569', 'b29ex8vpzdgp', 'issd7edat8ie', now(), null, null);
insert into student (uuid, admission_number, name, gender, dob, family_unique_number, father_mobile, father_whatsapp, school_id, createdby_userid, created_at, updatedby_userid, updated_at)
values ('o6w7h969ipu8', 'y59nkedvd52m', 'II-B Student 2', null, null, '8373919553', '8373919553', '8373919553', 'b29ex8vpzdgp', 'issd7edat8ie', now(), null, null);
insert into student (uuid, admission_number, name, gender, dob, family_unique_number, father_mobile, father_whatsapp, school_id, createdby_userid, created_at, updatedby_userid, updated_at)
values ('e803y2pqxw7o', '1t3j81k5hzyb', 'III-A Student 1', null, null, '8373919555', '8373919555', '8373919555', 'b29ex8vpzdgp', 'issd7edat8ie', now(), null, null);
insert into student (uuid, admission_number, name, gender, dob, family_unique_number, father_mobile, father_whatsapp, school_id, createdby_userid, created_at, updatedby_userid, updated_at)
values ('z578lzfb3nns', 'vijdm3e8tj5y', 'III-A Student 2', null, null, '8373919551', '8373919551', '8373919551', 'b29ex8vpzdgp', 'issd7edat8ie', now(), null, null);
insert into student (uuid, admission_number, name, gender, dob, family_unique_number, father_mobile, father_whatsapp, school_id, createdby_userid, created_at, updatedby_userid, updated_at)
values ('9j3jyv3f3jti', 'k2tyx3bb1e7i', 'III-B Student 1', null, null, '8373919556', '8373919556', '8373919556', 'b29ex8vpzdgp', 'issd7edat8ie', now(), null, null);
insert into student (uuid, admission_number, name, gender, dob, family_unique_number, father_mobile, father_whatsapp, school_id, createdby_userid, created_at, updatedby_userid, updated_at)
values ('phq5sa1ougqc', '6dwaipczcsso', 'III-B Student 2', null, null, '8373919558', '8373919558', '8373919558', 'b29ex8vpzdgp', 'issd7edat8ie', now(), null, null);
insert into student (uuid, admission_number, name, gender, dob, family_unique_number, father_mobile, father_whatsapp, school_id, createdby_userid, created_at, updatedby_userid, updated_at)
values ('1gvduii0idpq', '3kpmieo9re6g', 'IV-A Student 1', null, null, '8373919570', '8373919570', '8373919570', 'b29ex8vpzdgp', 'issd7edat8ie', now(), null, null);
insert into student (uuid, admission_number, name, gender, dob, family_unique_number, father_mobile, father_whatsapp, school_id, createdby_userid, created_at, updatedby_userid, updated_at)
values ('fkpfv79qqff2', 'uctdqlyphx1a', 'IV-A Student 2', null, null, '8373919558', '8373919558', '8373919558', 'b29ex8vpzdgp', 'issd7edat8ie', now(), null, null);
insert into student (uuid, admission_number, name, gender, dob, family_unique_number, father_mobile, father_whatsapp, school_id, createdby_userid, created_at, updatedby_userid, updated_at)
values ('wb9fbh1o3oke', '3uhyzz9rdspy', 'IV-B Student 1', null, null, '8373919569', '8373919569', '8373919569', 'b29ex8vpzdgp', 'issd7edat8ie', now(), null, null);
insert into student (uuid, admission_number, name, gender, dob, family_unique_number, father_mobile, father_whatsapp, school_id, createdby_userid, created_at, updatedby_userid, updated_at)
values ('2hlzx2in28gf', 'xv93tad24m98', 'IV-B Student 2', null, null, '8373919561', '8373919561', '8373919561', 'b29ex8vpzdgp', 'issd7edat8ie', now(), null, null);
insert into student (uuid, admission_number, name, gender, dob, family_unique_number, father_mobile, father_whatsapp, school_id, createdby_userid, created_at, updatedby_userid, updated_at)
values ('gfj5ksfd3zr2', 'f7nyrfgtoz65', 'V-A Student 1', null, null, '8373919568', '8373919568', '8373919568', 'b29ex8vpzdgp', 'issd7edat8ie', now(), null, null);
insert into student (uuid, admission_number, name, gender, dob, family_unique_number, father_mobile, father_whatsapp, school_id, createdby_userid, created_at, updatedby_userid, updated_at)
values ('51qgmd1o2hpv', '1pdhvy6vjz8x', 'V-A Student 2', null, null, '8373919552', '8373919552', '8373919552', 'b29ex8vpzdgp', 'issd7edat8ie', now(), null, null);
insert into student (uuid, admission_number, name, gender, dob, family_unique_number, father_mobile, father_whatsapp, school_id, createdby_userid, created_at, updatedby_userid, updated_at)
values ('bqrpvt85554z', 'y264tz9rqhvq', 'V-B Student 1', null, null, '8373919566', '8373919566', '8373919566', 'b29ex8vpzdgp', 'issd7edat8ie', now(), null, null);
insert into student (uuid, admission_number, name, gender, dob, family_unique_number, father_mobile, father_whatsapp, school_id, createdby_userid, created_at, updatedby_userid, updated_at)
values ('519i9fk8djmb', '2wvi4q2jr68j', 'V-B Student 2', null, null, '8373919553', '8373919553', '8373919553', 'b29ex8vpzdgp', 'issd7edat8ie', now(), null, null);
insert into student (uuid, admission_number, name, gender, dob, family_unique_number, father_mobile, father_whatsapp, school_id, createdby_userid, created_at, updatedby_userid, updated_at)
values ('p4nk0hobwzj7', 'bsy4bxjrrebu', 'VI-A Student 1', null, null, '8373919561', '8373919561', '8373919561', 'b29ex8vpzdgp', 'issd7edat8ie', now(), null, null);
insert into student (uuid, admission_number, name, gender, dob, family_unique_number, father_mobile, father_whatsapp, school_id, createdby_userid, created_at, updatedby_userid, updated_at)
values ('mdikoy24gmud', 'n1b5g2tcq2sc', 'VI-A Student 2', null, null, '8373919557', '8373919557', '8373919557', 'b29ex8vpzdgp', 'issd7edat8ie', now(), null, null);
insert into student (uuid, admission_number, name, gender, dob, family_unique_number, father_mobile, father_whatsapp, school_id, createdby_userid, created_at, updatedby_userid, updated_at)
values ('nob8htjex2dc', 'jt3dir8n4no3', 'VI-B Student 1', null, null, '8373919555', '8373919555', '8373919555', 'b29ex8vpzdgp', 'issd7edat8ie', now(), null, null);
insert into student (uuid, admission_number, name, gender, dob, family_unique_number, father_mobile, father_whatsapp, school_id, createdby_userid, created_at, updatedby_userid, updated_at)
values ('6vpnnvxzqjqk', 'jnv2vu0o4a39', 'VI-B Student 2', null, null, '8373919555', '8373919555', '8373919555', 'b29ex8vpzdgp', 'issd7edat8ie', now(), null, null);
insert into student (uuid, admission_number, name, gender, dob, family_unique_number, father_mobile, father_whatsapp, school_id, createdby_userid, created_at, updatedby_userid, updated_at)
values ('jtriyp9kfdr8', '25m4smkrsqea', 'VII-A Student 1', null, null, '8373919552', '8373919552', '8373919552', 'b29ex8vpzdgp', 'issd7edat8ie', now(), null, null);
insert into student (uuid, admission_number, name, gender, dob, family_unique_number, father_mobile, father_whatsapp, school_id, createdby_userid, created_at, updatedby_userid, updated_at)
values ('903b8bjups4i', 't3sdirywn8rf', 'VII-A Student 2', null, null, '8373919567', '8373919567', '8373919567', 'b29ex8vpzdgp', 'issd7edat8ie', now(), null, null);
insert into student (uuid, admission_number, name, gender, dob, family_unique_number, father_mobile, father_whatsapp, school_id, createdby_userid, created_at, updatedby_userid, updated_at)
values ('3lor7d99btnt', 'ye0ru80irchr', 'VII-B Student 1', null, null, '8373919553', '8373919553', '8373919553', 'b29ex8vpzdgp', 'issd7edat8ie', now(), null, null);
insert into student (uuid, admission_number, name, gender, dob, family_unique_number, father_mobile, father_whatsapp, school_id, createdby_userid, created_at, updatedby_userid, updated_at)
values ('92hqsrhtn5z1', 'k8avbyq4bdpa', 'VII-B Student 2', null, null, '8373919567', '8373919567', '8373919567', 'b29ex8vpzdgp', 'issd7edat8ie', now(), null, null);
insert into student (uuid, admission_number, name, gender, dob, family_unique_number, father_mobile, father_whatsapp, school_id, createdby_userid, created_at, updatedby_userid, updated_at)
values ('ic7mu6nraqcw', 'aqpw2xmk32hq', 'VIII-A Student 1', null, null, '8373919557', '8373919557', '8373919557', 'b29ex8vpzdgp', 'issd7edat8ie', now(), null, null);
insert into student (uuid, admission_number, name, gender, dob, family_unique_number, father_mobile, father_whatsapp, school_id, createdby_userid, created_at, updatedby_userid, updated_at)
values ('sfakyk1wm07u', 'ppf2oq44of7f', 'VIII-A Student 2', null, null, '8373919565', '8373919565', '8373919565', 'b29ex8vpzdgp', 'issd7edat8ie', now(), null, null);
insert into student (uuid, admission_number, name, gender, dob, family_unique_number, father_mobile, father_whatsapp, school_id, createdby_userid, created_at, updatedby_userid, updated_at)
values ('n5a5vnq44i2n', 'e1f7ev3d1qo4', 'VIII-B Student 1', null, null, '8373919564', '8373919564', '8373919564', 'b29ex8vpzdgp', 'issd7edat8ie', now(), null, null);
insert into student (uuid, admission_number, name, gender, dob, family_unique_number, father_mobile, father_whatsapp, school_id, createdby_userid, created_at, updatedby_userid, updated_at)
values ('2iit1v2hf62p', 'wj4kppn4mp4r', 'VIII-B Student 2', null, null, '8373919555', '8373919555', '8373919555', 'b29ex8vpzdgp', 'issd7edat8ie', now(), null, null);
insert into student (uuid, admission_number, name, gender, dob, family_unique_number, father_mobile, father_whatsapp, school_id, createdby_userid, created_at, updatedby_userid, updated_at)
values ('hljx17l6t0s0', 'ah9t6nkdn1rp', 'IX-A Student 1', null, null, '8373919563', '8373919563', '8373919563', 'b29ex8vpzdgp', 'issd7edat8ie', now(), null, null);
insert into student (uuid, admission_number, name, gender, dob, family_unique_number, father_mobile, father_whatsapp, school_id, createdby_userid, created_at, updatedby_userid, updated_at)
values ('g6e4mx1by5m2', 'myxuhsv8k0f2', 'IX-A Student 2', null, null, '8373919568', '8373919568', '8373919568', 'b29ex8vpzdgp', 'issd7edat8ie', now(), null, null);
insert into student (uuid, admission_number, name, gender, dob, family_unique_number, father_mobile, father_whatsapp, school_id, createdby_userid, created_at, updatedby_userid, updated_at)
values ('gjo4bvxihv25', 'egr5a9rop8wk', 'IX-B Student 1', null, null, '8373919553', '8373919553', '8373919553', 'b29ex8vpzdgp', 'issd7edat8ie', now(), null, null);
insert into student (uuid, admission_number, name, gender, dob, family_unique_number, father_mobile, father_whatsapp, school_id, createdby_userid, created_at, updatedby_userid, updated_at)
values ('wb8fnj9jchre', 'bfgloy36c0uw', 'IX-B Student 2', null, null, '8373919555', '8373919555', '8373919555', 'b29ex8vpzdgp', 'issd7edat8ie', now(), null, null);
insert into student (uuid, admission_number, name, gender, dob, family_unique_number, father_mobile, father_whatsapp, school_id, createdby_userid, created_at, updatedby_userid, updated_at)
values ('5gnii7rzk4df', 'uzcom83nceks', 'X-A Student 1', null, null, '8373919567', '8373919567', '8373919567', 'b29ex8vpzdgp', 'issd7edat8ie', now(), null, null);
insert into student (uuid, admission_number, name, gender, dob, family_unique_number, father_mobile, father_whatsapp, school_id, createdby_userid, created_at, updatedby_userid, updated_at)
values ('kxzn67inlez0', 'w9qsb5g8pbmu', 'X-A Student 2', null, null, '8373919570', '8373919570', '8373919570', 'b29ex8vpzdgp', 'issd7edat8ie', now(), null, null);
insert into student (uuid, admission_number, name, gender, dob, family_unique_number, father_mobile, father_whatsapp, school_id, createdby_userid, created_at, updatedby_userid, updated_at)
values ('4fj54gcw0lc5', 'nbl1fy2n829g', 'X-B Student 1', null, null, '8373919557', '8373919557', '8373919557', 'b29ex8vpzdgp', 'issd7edat8ie', now(), null, null);
insert into student (uuid, admission_number, name, gender, dob, family_unique_number, father_mobile, father_whatsapp, school_id, createdby_userid, created_at, updatedby_userid, updated_at)
values ('xctt5cvr88yz', 'xonnrb55wmea', 'X-B Student 2', null, null, '8373919559', '8373919559', '8373919559', 'b29ex8vpzdgp', 'issd7edat8ie', now(), null, null);
insert into student (uuid, admission_number, name, gender, dob, family_unique_number, father_mobile, father_whatsapp, school_id, createdby_userid, created_at, updatedby_userid, updated_at)
values ('avrqz2qxq0k1', '5eai9kq5ncbl', 'XI-A Student 1', null, null, '8373919561', '8373919561', '8373919561', 'b29ex8vpzdgp', 'issd7edat8ie', now(), null, null);
insert into student (uuid, admission_number, name, gender, dob, family_unique_number, father_mobile, father_whatsapp, school_id, createdby_userid, created_at, updatedby_userid, updated_at)
values ('x84l67pdqgw7', 'fmch7qrvz0ny', 'XI-A Student 2', null, null, '8373919552', '8373919552', '8373919552', 'b29ex8vpzdgp', 'issd7edat8ie', now(), null, null);
insert into student (uuid, admission_number, name, gender, dob, family_unique_number, father_mobile, father_whatsapp, school_id, createdby_userid, created_at, updatedby_userid, updated_at)
values ('j8t61e2m5bhx', 'vus5n1sp0181', 'XI-B Student 1', null, null, '8373919568', '8373919568', '8373919568', 'b29ex8vpzdgp', 'issd7edat8ie', now(), null, null);
insert into student (uuid, admission_number, name, gender, dob, family_unique_number, father_mobile, father_whatsapp, school_id, createdby_userid, created_at, updatedby_userid, updated_at)
values ('2upzg4ibzj01', 'eevh0hqsdr56', 'XI-B Student 2', null, null, '8373919561', '8373919561', '8373919561', 'b29ex8vpzdgp', 'issd7edat8ie', now(), null, null);
insert into student (uuid, admission_number, name, gender, dob, family_unique_number, father_mobile, father_whatsapp, school_id, createdby_userid, created_at, updatedby_userid, updated_at)
values ('bsh7x0uoovog', '4gkaz6b3g4h1', 'XII-A Student 1', null, null, '8373919565', '8373919565', '8373919565', 'b29ex8vpzdgp', 'issd7edat8ie', now(), null, null);
insert into student (uuid, admission_number, name, gender, dob, family_unique_number, father_mobile, father_whatsapp, school_id, createdby_userid, created_at, updatedby_userid, updated_at)
values ('qbamm0p35v0a', 'z8m105s32hix', 'XII-A Student 2', null, null, '8373919561', '8373919561', '8373919561', 'b29ex8vpzdgp', 'issd7edat8ie', now(), null, null);
insert into student (uuid, admission_number, name, gender, dob, family_unique_number, father_mobile, father_whatsapp, school_id, createdby_userid, created_at, updatedby_userid, updated_at)
values ('bkgklqqlzqkh', 'rxopvpgw5uh4', 'XII-B Student 1', null, null, '8373919552', '8373919552', '8373919552', 'b29ex8vpzdgp', 'issd7edat8ie', now(), null, null);
insert into student (uuid, admission_number, name, gender, dob, family_unique_number, father_mobile, father_whatsapp, school_id, createdby_userid, created_at, updatedby_userid, updated_at)
values ('q6l55mc10w1o', '8k36xe020s6g', 'XII-B Student 2', null, null, '8373919569', '8373919569', '8373919569', 'b29ex8vpzdgp', 'issd7edat8ie', now(), null, null);

insert into student_login (uuid, username, password, display_name, school_id, createdby_userid, created_at, updatedby_userid, updated_at)
values ('2jl2hq3ct8wd', '8373919565', 'Itsmyskool@123', 'Nursery-A Student 1', 'b29ex8vpzdgp', 'issd7edat8ie', now(), null, null);
insert into student_login (uuid, username, password, display_name, school_id, createdby_userid, created_at, updatedby_userid, updated_at)
values ('zx7ofz2cl6do', '8373919561', 'Itsmyskool@123', 'Nursery-A Student 2', 'b29ex8vpzdgp', 'issd7edat8ie', now(), null, null);
insert into student_login (uuid, username, password, display_name, school_id, createdby_userid, created_at, updatedby_userid, updated_at)
values ('4iq89hqmxcgx', '8373919563', 'Itsmyskool@123', 'Nursery-B Student 2', 'b29ex8vpzdgp', 'issd7edat8ie', now(), null, null);
insert into student_login (uuid, username, password, display_name, school_id, createdby_userid, created_at, updatedby_userid, updated_at)
values ('1s5fsgte68qx', '8373919551', 'Itsmyskool@123', 'LKG-A Student 1', 'b29ex8vpzdgp', 'issd7edat8ie', now(), null, null);
insert into student_login (uuid, username, password, display_name, school_id, createdby_userid, created_at, updatedby_userid, updated_at)
values ('ou0zzwurplc9', '8373919568', 'Itsmyskool@123', 'LKG-A Student 2', 'b29ex8vpzdgp', 'issd7edat8ie', now(), null, null);
insert into student_login (uuid, username, password, display_name, school_id, createdby_userid, created_at, updatedby_userid, updated_at)
values ('u42qlax6pdt4', '8373919556', 'Itsmyskool@123', 'LKG-B Student 1', 'b29ex8vpzdgp', 'issd7edat8ie', now(), null, null);
insert into student_login (uuid, username, password, display_name, school_id, createdby_userid, created_at, updatedby_userid, updated_at)
values ('p2kpf534cgtz', '8373919554', 'Itsmyskool@123', 'UKG-A Student 1', 'b29ex8vpzdgp', 'issd7edat8ie', now(), null, null);
insert into student_login (uuid, username, password, display_name, school_id, createdby_userid, created_at, updatedby_userid, updated_at)
values ('jbw4hjm6pjgw', '8373919567', 'Itsmyskool@123', 'UKG-A Student 2', 'b29ex8vpzdgp', 'issd7edat8ie', now(), null, null);
insert into student_login (uuid, username, password, display_name, school_id, createdby_userid, created_at, updatedby_userid, updated_at)
values ('7qk0b2l4mmxu', '8373919558', 'Itsmyskool@123', 'UKG-B Student 1', 'b29ex8vpzdgp', 'issd7edat8ie', now(), null, null);
insert into student_login (uuid, username, password, display_name, school_id, createdby_userid, created_at, updatedby_userid, updated_at)
values ('bafd0w1c0bvb', '8373919553', 'Itsmyskool@123', 'I-A Student 1', 'b29ex8vpzdgp', 'issd7edat8ie', now(), null, null);
insert into student_login (uuid, username, password, display_name, school_id, createdby_userid, created_at, updatedby_userid, updated_at)
values ('kmlkge3cs9kf', '8373919552', 'Itsmyskool@123', 'II-A Student 1', 'b29ex8vpzdgp', 'issd7edat8ie', now(), null, null);
insert into student_login (uuid, username, password, display_name, school_id, createdby_userid, created_at, updatedby_userid, updated_at)
values ('91a029nqxlcd', '8373919569', 'Itsmyskool@123', 'II-B Student 1', 'b29ex8vpzdgp', 'issd7edat8ie', now(), null, null);
insert into student_login (uuid, username, password, display_name, school_id, createdby_userid, created_at, updatedby_userid, updated_at)
values ('202xu47qoxeh', '8373919555', 'Itsmyskool@123', 'III-A Student 1', 'b29ex8vpzdgp', 'issd7edat8ie', now(), null, null);
insert into student_login (uuid, username, password, display_name, school_id, createdby_userid, created_at, updatedby_userid, updated_at)
values ('bjvz7meaj1qx', '8373919570', 'Itsmyskool@123', 'IV-A Student 1', 'b29ex8vpzdgp', 'issd7edat8ie', now(), null, null);
insert into student_login (uuid, username, password, display_name, school_id, createdby_userid, created_at, updatedby_userid, updated_at)
values ('gzlq9avrimbw', '8373919566', 'Itsmyskool@123', 'V-B Student 1', 'b29ex8vpzdgp', 'issd7edat8ie', now(), null, null);
insert into student_login (uuid, username, password, display_name, school_id, createdby_userid, created_at, updatedby_userid, updated_at)
values ('rpask6nod81u', '8373919557', 'Itsmyskool@123', 'VI-A Student 2', 'b29ex8vpzdgp', 'issd7edat8ie', now(), null, null);
insert into student_login (uuid, username, password, display_name, school_id, createdby_userid, created_at, updatedby_userid, updated_at)
values ('58wsk0p5ps2s', '8373919564', 'Itsmyskool@123', 'VIII-B Student 1', 'b29ex8vpzdgp', 'issd7edat8ie', now(), null, null);
insert into student_login (uuid, username, password, display_name, school_id, createdby_userid, created_at, updatedby_userid, updated_at)
values ('s27ml6y80zr5', '8373919559', 'Itsmyskool@123', 'X-B Student 2', 'b29ex8vpzdgp', 'issd7edat8ie', now(), null, null);

insert into student_class (uuid, student_id, academic_year_id, class_id, school_id, createdby_userid, created_at, updatedby_userid, updated_at) 
values ('o77bh7im4frg', '1dzkgtv04x8e', 'cml3p6h3xt2s', 'w4ub4yetz1e8', 'b29ex8vpzdgp', 'issd7edat8ie', now(), null, null);
insert into student_class (uuid, student_id, academic_year_id, class_id, school_id, createdby_userid, created_at, updatedby_userid, updated_at) 
values ('kv4ucvfhakyl', 'dpozfc0lztmt', 'cml3p6h3xt2s', 'w4ub4yetz1e8', 'b29ex8vpzdgp', 'issd7edat8ie', now(), null, null);
insert into student_class (uuid, student_id, academic_year_id, class_id, school_id, createdby_userid, created_at, updatedby_userid, updated_at) 
values ('eutjujtsts30', 'lwpfc618xtzb', 'cml3p6h3xt2s', 'xrh39k4qmxbk', 'b29ex8vpzdgp', 'issd7edat8ie', now(), null, null);
insert into student_class (uuid, student_id, academic_year_id, class_id, school_id, createdby_userid, created_at, updatedby_userid, updated_at) 
values ('yowmypkosv7n', 'webxi1w69nku', 'cml3p6h3xt2s', 'xrh39k4qmxbk', 'b29ex8vpzdgp', 'issd7edat8ie', now(), null, null);
insert into student_class (uuid, student_id, academic_year_id, class_id, school_id, createdby_userid, created_at, updatedby_userid, updated_at) 
values ('8yns07o9umur', 'c7m3plzypyeg', 'cml3p6h3xt2s', '4i80daunoj72', 'b29ex8vpzdgp', 'issd7edat8ie', now(), null, null);
insert into student_class (uuid, student_id, academic_year_id, class_id, school_id, createdby_userid, created_at, updatedby_userid, updated_at) 
values ('lsjtlmpoudre', 'yidap7r1z8lg', 'cml3p6h3xt2s', '4i80daunoj72', 'b29ex8vpzdgp', 'issd7edat8ie', now(), null, null);
insert into student_class (uuid, student_id, academic_year_id, class_id, school_id, createdby_userid, created_at, updatedby_userid, updated_at) 
values ('92f0ws8apf1s', 'xbzhvfgo7v4y', 'cml3p6h3xt2s', '5fjcp2juaphj', 'b29ex8vpzdgp', 'issd7edat8ie', now(), null, null);
insert into student_class (uuid, student_id, academic_year_id, class_id, school_id, createdby_userid, created_at, updatedby_userid, updated_at) 
values ('cushps7pbc71', 'x87oicy95ee4', 'cml3p6h3xt2s', '5fjcp2juaphj', 'b29ex8vpzdgp', 'issd7edat8ie', now(), null, null);
insert into student_class (uuid, student_id, academic_year_id, class_id, school_id, createdby_userid, created_at, updatedby_userid, updated_at) 
values ('z2esg9v0347l', '6081g4b5kx0g', 'cml3p6h3xt2s', 'bsjpc9lwtgz2', 'b29ex8vpzdgp', 'issd7edat8ie', now(), null, null);
insert into student_class (uuid, student_id, academic_year_id, class_id, school_id, createdby_userid, created_at, updatedby_userid, updated_at) 
values ('4qwrwqpczdt9', '65vjk7i45441', 'cml3p6h3xt2s', 'bsjpc9lwtgz2', 'b29ex8vpzdgp', 'issd7edat8ie', now(), null, null);
insert into student_class (uuid, student_id, academic_year_id, class_id, school_id, createdby_userid, created_at, updatedby_userid, updated_at) 
values ('gvet1yu0vvpv', 'o69dl81ao8qh', 'cml3p6h3xt2s', 'xfcjmutn8k1a', 'b29ex8vpzdgp', 'issd7edat8ie', now(), null, null);
insert into student_class (uuid, student_id, academic_year_id, class_id, school_id, createdby_userid, created_at, updatedby_userid, updated_at) 
values ('ytpw0rc8xj5p', 'xubnrgn7z246', 'cml3p6h3xt2s', 'xfcjmutn8k1a', 'b29ex8vpzdgp', 'issd7edat8ie', now(), null, null);
insert into student_class (uuid, student_id, academic_year_id, class_id, school_id, createdby_userid, created_at, updatedby_userid, updated_at) 
values ('sd6seo2tktwl', 'nqdq0v2vbxnb', 'cml3p6h3xt2s', 'unvdsxsgzyhc', 'b29ex8vpzdgp', 'issd7edat8ie', now(), null, null);
insert into student_class (uuid, student_id, academic_year_id, class_id, school_id, createdby_userid, created_at, updatedby_userid, updated_at) 
values ('jbjmed4u1oy7', 'hmk6f4frof2p', 'cml3p6h3xt2s', 'unvdsxsgzyhc', 'b29ex8vpzdgp', 'issd7edat8ie', now(), null, null);
insert into student_class (uuid, student_id, academic_year_id, class_id, school_id, createdby_userid, created_at, updatedby_userid, updated_at) 
values ('a6cijx8gafx7', 'trapn4w1gjqo', 'cml3p6h3xt2s', 'b6xw2kq2z9w6', 'b29ex8vpzdgp', 'issd7edat8ie', now(), null, null);
insert into student_class (uuid, student_id, academic_year_id, class_id, school_id, createdby_userid, created_at, updatedby_userid, updated_at) 
values ('2v3i49qjht0m', 'yimcwi4fpwgh', 'cml3p6h3xt2s', 'b6xw2kq2z9w6', 'b29ex8vpzdgp', 'issd7edat8ie', now(), null, null);
insert into student_class (uuid, student_id, academic_year_id, class_id, school_id, createdby_userid, created_at, updatedby_userid, updated_at) 
values ('jgw6qfoapr6s', 'o0eemzrx06jw', 'cml3p6h3xt2s', 'king8e3igyz0', 'b29ex8vpzdgp', 'issd7edat8ie', now(), null, null);
insert into student_class (uuid, student_id, academic_year_id, class_id, school_id, createdby_userid, created_at, updatedby_userid, updated_at) 
values ('68w27mxnf9ya', '9m99sb6hhi03', 'cml3p6h3xt2s', 'king8e3igyz0', 'b29ex8vpzdgp', 'issd7edat8ie', now(), null, null);
insert into student_class (uuid, student_id, academic_year_id, class_id, school_id, createdby_userid, created_at, updatedby_userid, updated_at) 
values ('84d4al1uah3r', 'doq4l8evr2g2', 'cml3p6h3xt2s', 'e2ssb8f14s9h', 'b29ex8vpzdgp', 'issd7edat8ie', now(), null, null);
insert into student_class (uuid, student_id, academic_year_id, class_id, school_id, createdby_userid, created_at, updatedby_userid, updated_at) 
values ('o30gaces8s0i', 'o6w7h969ipu8', 'cml3p6h3xt2s', 'e2ssb8f14s9h', 'b29ex8vpzdgp', 'issd7edat8ie', now(), null, null);
insert into student_class (uuid, student_id, academic_year_id, class_id, school_id, createdby_userid, created_at, updatedby_userid, updated_at) 
values ('pjz56skaf0ff', 'e803y2pqxw7o', 'cml3p6h3xt2s', 'ydw1upvrkwo2', 'b29ex8vpzdgp', 'issd7edat8ie', now(), null, null);
insert into student_class (uuid, student_id, academic_year_id, class_id, school_id, createdby_userid, created_at, updatedby_userid, updated_at) 
values ('gxjrj3vae90a', 'z578lzfb3nns', 'cml3p6h3xt2s', 'ydw1upvrkwo2', 'b29ex8vpzdgp', 'issd7edat8ie', now(), null, null);
insert into student_class (uuid, student_id, academic_year_id, class_id, school_id, createdby_userid, created_at, updatedby_userid, updated_at) 
values ('5dtb4i0f8g1s', '9j3jyv3f3jti', 'cml3p6h3xt2s', '6idaknxdd2gq', 'b29ex8vpzdgp', 'issd7edat8ie', now(), null, null);
insert into student_class (uuid, student_id, academic_year_id, class_id, school_id, createdby_userid, created_at, updatedby_userid, updated_at) 
values ('bedsgohp6kcc', 'phq5sa1ougqc', 'cml3p6h3xt2s', '6idaknxdd2gq', 'b29ex8vpzdgp', 'issd7edat8ie', now(), null, null);
insert into student_class (uuid, student_id, academic_year_id, class_id, school_id, createdby_userid, created_at, updatedby_userid, updated_at) 
values ('qhw6q0bn2z5a', '1gvduii0idpq', 'cml3p6h3xt2s', 'azc2d6u13rrp', 'b29ex8vpzdgp', 'issd7edat8ie', now(), null, null);
insert into student_class (uuid, student_id, academic_year_id, class_id, school_id, createdby_userid, created_at, updatedby_userid, updated_at) 
values ('x1j4fdl0fpbm', 'fkpfv79qqff2', 'cml3p6h3xt2s', 'azc2d6u13rrp', 'b29ex8vpzdgp', 'issd7edat8ie', now(), null, null);
insert into student_class (uuid, student_id, academic_year_id, class_id, school_id, createdby_userid, created_at, updatedby_userid, updated_at) 
values ('oivpfv40eu5u', 'wb9fbh1o3oke', 'cml3p6h3xt2s', 'bahg5nnzpk6a', 'b29ex8vpzdgp', 'issd7edat8ie', now(), null, null);
insert into student_class (uuid, student_id, academic_year_id, class_id, school_id, createdby_userid, created_at, updatedby_userid, updated_at) 
values ('lmymrs0evt1a', '2hlzx2in28gf', 'cml3p6h3xt2s', 'bahg5nnzpk6a', 'b29ex8vpzdgp', 'issd7edat8ie', now(), null, null);
insert into student_class (uuid, student_id, academic_year_id, class_id, school_id, createdby_userid, created_at, updatedby_userid, updated_at) 
values ('fgkelehxwb49', 'gfj5ksfd3zr2', 'cml3p6h3xt2s', 'ai8t84yz19a3', 'b29ex8vpzdgp', 'issd7edat8ie', now(), null, null);
insert into student_class (uuid, student_id, academic_year_id, class_id, school_id, createdby_userid, created_at, updatedby_userid, updated_at) 
values ('uu3dl5jy5f01', '51qgmd1o2hpv', 'cml3p6h3xt2s', 'ai8t84yz19a3', 'b29ex8vpzdgp', 'issd7edat8ie', now(), null, null);
insert into student_class (uuid, student_id, academic_year_id, class_id, school_id, createdby_userid, created_at, updatedby_userid, updated_at) 
values ('8cmzeawvazc3', 'bqrpvt85554z', 'cml3p6h3xt2s', 'fd0wz3pcrbbs', 'b29ex8vpzdgp', 'issd7edat8ie', now(), null, null);
insert into student_class (uuid, student_id, academic_year_id, class_id, school_id, createdby_userid, created_at, updatedby_userid, updated_at) 
values ('tlvv065evdfd', '519i9fk8djmb', 'cml3p6h3xt2s', 'fd0wz3pcrbbs', 'b29ex8vpzdgp', 'issd7edat8ie', now(), null, null);
insert into student_class (uuid, student_id, academic_year_id, class_id, school_id, createdby_userid, created_at, updatedby_userid, updated_at) 
values ('wex93rhinuws', 'p4nk0hobwzj7', 'cml3p6h3xt2s', '4wul2eiuw3e3', 'b29ex8vpzdgp', 'issd7edat8ie', now(), null, null);
insert into student_class (uuid, student_id, academic_year_id, class_id, school_id, createdby_userid, created_at, updatedby_userid, updated_at) 
values ('vvskndfe1w6e', 'mdikoy24gmud', 'cml3p6h3xt2s', '4wul2eiuw3e3', 'b29ex8vpzdgp', 'issd7edat8ie', now(), null, null);
insert into student_class (uuid, student_id, academic_year_id, class_id, school_id, createdby_userid, created_at, updatedby_userid, updated_at) 
values ('ft67siroket4', 'nob8htjex2dc', 'cml3p6h3xt2s', '1idjovdyhrtx', 'b29ex8vpzdgp', 'issd7edat8ie', now(), null, null);
insert into student_class (uuid, student_id, academic_year_id, class_id, school_id, createdby_userid, created_at, updatedby_userid, updated_at) 
values ('k5rorgzrbsq2', '6vpnnvxzqjqk', 'cml3p6h3xt2s', '1idjovdyhrtx', 'b29ex8vpzdgp', 'issd7edat8ie', now(), null, null);
insert into student_class (uuid, student_id, academic_year_id, class_id, school_id, createdby_userid, created_at, updatedby_userid, updated_at) 
values ('kgad9waarzhz', 'jtriyp9kfdr8', 'cml3p6h3xt2s', 'f7q6s9jxa5b7', 'b29ex8vpzdgp', 'issd7edat8ie', now(), null, null);
insert into student_class (uuid, student_id, academic_year_id, class_id, school_id, createdby_userid, created_at, updatedby_userid, updated_at) 
values ('1ne8awpkoyjv', '903b8bjups4i', 'cml3p6h3xt2s', 'f7q6s9jxa5b7', 'b29ex8vpzdgp', 'issd7edat8ie', now(), null, null);
insert into student_class (uuid, student_id, academic_year_id, class_id, school_id, createdby_userid, created_at, updatedby_userid, updated_at) 
values ('q448zyag04iv', '3lor7d99btnt', 'cml3p6h3xt2s', 'fie741x54a3g', 'b29ex8vpzdgp', 'issd7edat8ie', now(), null, null);
insert into student_class (uuid, student_id, academic_year_id, class_id, school_id, createdby_userid, created_at, updatedby_userid, updated_at) 
values ('9jngwkh3mm85', '92hqsrhtn5z1', 'cml3p6h3xt2s', 'fie741x54a3g', 'b29ex8vpzdgp', 'issd7edat8ie', now(), null, null);
insert into student_class (uuid, student_id, academic_year_id, class_id, school_id, createdby_userid, created_at, updatedby_userid, updated_at) 
values ('setmuq1i6c43', 'ic7mu6nraqcw', 'cml3p6h3xt2s', 'hp57rnmsy415', 'b29ex8vpzdgp', 'issd7edat8ie', now(), null, null);
insert into student_class (uuid, student_id, academic_year_id, class_id, school_id, createdby_userid, created_at, updatedby_userid, updated_at) 
values ('1bz5cbmvplxn', 'sfakyk1wm07u', 'cml3p6h3xt2s', 'hp57rnmsy415', 'b29ex8vpzdgp', 'issd7edat8ie', now(), null, null);
insert into student_class (uuid, student_id, academic_year_id, class_id, school_id, createdby_userid, created_at, updatedby_userid, updated_at) 
values ('981xqw7p68ue', 'n5a5vnq44i2n', 'cml3p6h3xt2s', 'eljjgpnx84up', 'b29ex8vpzdgp', 'issd7edat8ie', now(), null, null);
insert into student_class (uuid, student_id, academic_year_id, class_id, school_id, createdby_userid, created_at, updatedby_userid, updated_at) 
values ('axmifjqes4u4', '2iit1v2hf62p', 'cml3p6h3xt2s', 'eljjgpnx84up', 'b29ex8vpzdgp', 'issd7edat8ie', now(), null, null);
insert into student_class (uuid, student_id, academic_year_id, class_id, school_id, createdby_userid, created_at, updatedby_userid, updated_at) 
values ('3e61dz3997rt', 'hljx17l6t0s0', 'cml3p6h3xt2s', 'fz507r1ljkb6', 'b29ex8vpzdgp', 'issd7edat8ie', now(), null, null);
insert into student_class (uuid, student_id, academic_year_id, class_id, school_id, createdby_userid, created_at, updatedby_userid, updated_at) 
values ('h0z8u3nlds63', 'g6e4mx1by5m2', 'cml3p6h3xt2s', 'fz507r1ljkb6', 'b29ex8vpzdgp', 'issd7edat8ie', now(), null, null);
insert into student_class (uuid, student_id, academic_year_id, class_id, school_id, createdby_userid, created_at, updatedby_userid, updated_at) 
values ('ep68d60vxmwk', 'gjo4bvxihv25', 'cml3p6h3xt2s', '2b34vswow3z5', 'b29ex8vpzdgp', 'issd7edat8ie', now(), null, null);
insert into student_class (uuid, student_id, academic_year_id, class_id, school_id, createdby_userid, created_at, updatedby_userid, updated_at) 
values ('cn5k6kmig4mf', 'wb8fnj9jchre', 'cml3p6h3xt2s', '2b34vswow3z5', 'b29ex8vpzdgp', 'issd7edat8ie', now(), null, null);
insert into student_class (uuid, student_id, academic_year_id, class_id, school_id, createdby_userid, created_at, updatedby_userid, updated_at) 
values ('ehmf34762wh1', '5gnii7rzk4df', 'cml3p6h3xt2s', '77ccjc872jry', 'b29ex8vpzdgp', 'issd7edat8ie', now(), null, null);
insert into student_class (uuid, student_id, academic_year_id, class_id, school_id, createdby_userid, created_at, updatedby_userid, updated_at) 
values ('0vnkegvih9vi', 'kxzn67inlez0', 'cml3p6h3xt2s', '77ccjc872jry', 'b29ex8vpzdgp', 'issd7edat8ie', now(), null, null);
insert into student_class (uuid, student_id, academic_year_id, class_id, school_id, createdby_userid, created_at, updatedby_userid, updated_at) 
values ('4x1anjqekqo6', '4fj54gcw0lc5', 'cml3p6h3xt2s', '7pyr8nzyzxds', 'b29ex8vpzdgp', 'issd7edat8ie', now(), null, null);
insert into student_class (uuid, student_id, academic_year_id, class_id, school_id, createdby_userid, created_at, updatedby_userid, updated_at) 
values ('wjdhhuk5rs1d', 'xctt5cvr88yz', 'cml3p6h3xt2s', '7pyr8nzyzxds', 'b29ex8vpzdgp', 'issd7edat8ie', now(), null, null);
insert into student_class (uuid, student_id, academic_year_id, class_id, school_id, createdby_userid, created_at, updatedby_userid, updated_at) 
values ('tcatbu9rgueb', 'avrqz2qxq0k1', 'cml3p6h3xt2s', 'o8ztbdcogxo5', 'b29ex8vpzdgp', 'issd7edat8ie', now(), null, null);
insert into student_class (uuid, student_id, academic_year_id, class_id, school_id, createdby_userid, created_at, updatedby_userid, updated_at) 
values ('zyurygnhspbd', 'x84l67pdqgw7', 'cml3p6h3xt2s', 'o8ztbdcogxo5', 'b29ex8vpzdgp', 'issd7edat8ie', now(), null, null);
insert into student_class (uuid, student_id, academic_year_id, class_id, school_id, createdby_userid, created_at, updatedby_userid, updated_at) 
values ('0wa054s25ivk', 'j8t61e2m5bhx', 'cml3p6h3xt2s', 'uglarxguozgf', 'b29ex8vpzdgp', 'issd7edat8ie', now(), null, null);
insert into student_class (uuid, student_id, academic_year_id, class_id, school_id, createdby_userid, created_at, updatedby_userid, updated_at) 
values ('wesa1rzls4d9', '2upzg4ibzj01', 'cml3p6h3xt2s', 'uglarxguozgf', 'b29ex8vpzdgp', 'issd7edat8ie', now(), null, null);
insert into student_class (uuid, student_id, academic_year_id, class_id, school_id, createdby_userid, created_at, updatedby_userid, updated_at) 
values ('j728flvmiyye', 'bsh7x0uoovog', 'cml3p6h3xt2s', 'ihjg8u3l5ryq', 'b29ex8vpzdgp', 'issd7edat8ie', now(), null, null);
insert into student_class (uuid, student_id, academic_year_id, class_id, school_id, createdby_userid, created_at, updatedby_userid, updated_at) 
values ('k7ip1y7u1itm', 'qbamm0p35v0a', 'cml3p6h3xt2s', 'ihjg8u3l5ryq', 'b29ex8vpzdgp', 'issd7edat8ie', now(), null, null);
insert into student_class (uuid, student_id, academic_year_id, class_id, school_id, createdby_userid, created_at, updatedby_userid, updated_at) 
values ('orufut2qd44h', 'bkgklqqlzqkh', 'cml3p6h3xt2s', 'vxnxbhqvklxi', 'b29ex8vpzdgp', 'issd7edat8ie', now(), null, null);
insert into student_class (uuid, student_id, academic_year_id, class_id, school_id, createdby_userid, created_at, updatedby_userid, updated_at) 
values ('0nht086mjqm9', 'q6l55mc10w1o', 'cml3p6h3xt2s', 'vxnxbhqvklxi', 'b29ex8vpzdgp', 'issd7edat8ie', now(), null, null);

insert into role (uuid, name, code, school_id, createdby_userid, created_at, updatedby_userid, updated_at) 
values ('937qdadesyts', 'God', 'god', 'b29ex8vpzdgp', 'issd7edat8ie', now(), null, null);
insert into role (uuid, name, code, school_id, createdby_userid, created_at, updatedby_userid, updated_at) 
values ('ywvoz8fmn7z1', 'Admin', 'admin', 'b29ex8vpzdgp', 'issd7edat8ie', now(), null, null);
insert into role (uuid, name, code, school_id, createdby_userid, created_at, updatedby_userid, updated_at) 
values ('kg92j42h14fe', 'Class Teacher', 'class-teacher', 'b29ex8vpzdgp', 'issd7edat8ie', now(), null, null);
insert into role (uuid, name, code, school_id, createdby_userid, created_at, updatedby_userid, updated_at) 
values ('4949mt88npcq', 'Transport Incharge', 'transport-incharge', 'b29ex8vpzdgp', 'issd7edat8ie', now(), null, null);
insert into role (uuid, name, code, school_id, createdby_userid, created_at, updatedby_userid, updated_at) 
values ('7328zavje8kn', 'Medical Incharge', 'medical-incharge', 'b29ex8vpzdgp', 'issd7edat8ie', now(), null, null);
insert into role (uuid, name, code, school_id, createdby_userid, created_at, updatedby_userid, updated_at) 
values ('2rb2yr5acdqn', 'Teacher', 'teacher', 'b29ex8vpzdgp', 'issd7edat8ie', now(), null, null);

insert into employee (uuid, employee_number, name, family_unique_number, mobile, whatsapp, school_id, createdby_userid, created_at)
values ('7rh0ni6kmoax', 'rjppjtsl3kwy', 'Employee 1', '8373919595', '8373919595', '8373919595', 'b29ex8vpzdgp', 'issd7edat8ie', now());
insert into employee (uuid, employee_number, name, family_unique_number, mobile, whatsapp, school_id, createdby_userid, created_at)
values ('vlh521iqgidf', '944vvlqzsak8', 'Employee 2', '8373919597', '8373919597', '8373919597', 'b29ex8vpzdgp', 'issd7edat8ie', now());
insert into employee (uuid, employee_number, name, family_unique_number, mobile, whatsapp, school_id, createdby_userid, created_at)
values ('nvy558fis79c', 'dcscpxlxcmy4', 'Employee 3', '8373919596', '8373919596', '8373919596', 'b29ex8vpzdgp', 'issd7edat8ie', now());
insert into employee (uuid, employee_number, name, family_unique_number, mobile, whatsapp, school_id, createdby_userid, created_at)
values ('qt66gt72bnrh', 'x0o3e9alklbk', 'Employee 4', '8373919592', '8373919592', '8373919592', 'b29ex8vpzdgp', 'issd7edat8ie', now());
insert into employee (uuid, employee_number, name, family_unique_number, mobile, whatsapp, school_id, createdby_userid, created_at)
values ('mxpkx14doh1t', 'cefcqrrx6vpn', 'Employee 5', '8373919593', '8373919593', '8373919593', 'b29ex8vpzdgp', 'issd7edat8ie', now());

insert into employee_login (uuid, username, password, display_name, school_id, createdby_userid, created_at, updatedby_userid, updated_at)
values ('c8bz4j14v969', '8373919595', 'Itsmyskool@123', 'Employee 1', 'b29ex8vpzdgp', 'issd7edat8ie', now(), null, null);
insert into employee_login (uuid, username, password, display_name, school_id, createdby_userid, created_at, updatedby_userid, updated_at)
values ('1147gtj8vo0e', '8373919597', 'Itsmyskool@123', 'Employee 2', 'b29ex8vpzdgp', 'issd7edat8ie', now(), null, null);
insert into employee_login (uuid, username, password, display_name, school_id, createdby_userid, created_at, updatedby_userid, updated_at)
values ('wrn5u42hm7st', '8373919596', 'Itsmyskool@123', 'Employee 3', 'b29ex8vpzdgp', 'issd7edat8ie', now(), null, null);
insert into employee_login (uuid, username, password, display_name, school_id, createdby_userid, created_at, updatedby_userid, updated_at)
values ('e4rhzz2fl7vz', '8373919592', 'Itsmyskool@123', 'Employee 4', 'b29ex8vpzdgp', 'issd7edat8ie', now(), null, null);
insert into employee_login (uuid, username, password, display_name, school_id, createdby_userid, created_at, updatedby_userid, updated_at)
values ('xxdmq3gpr3w0', '8373919593', 'Itsmyskool@123', 'Employee 5', 'b29ex8vpzdgp', 'issd7edat8ie', now(), null, null);

insert into employee_role (uuid, employee_id, role_id, school_id, createdby_userid, created_at, updatedby_userid, updated_at) 
values ('lo2lhobknwt9', '7rh0ni6kmoax', 'ywvoz8fmn7z1', 'b29ex8vpzdgp', 'issd7edat8ie', now(), null, null);
insert into employee_role (uuid, employee_id, role_id, school_id, createdby_userid, created_at, updatedby_userid, updated_at) 
values ('91u8c2oemw80', 'vlh521iqgidf', 'kg92j42h14fe', 'b29ex8vpzdgp', 'issd7edat8ie', now(), null, null);
insert into employee_role (uuid, employee_id, role_id, school_id, createdby_userid, created_at, updatedby_userid, updated_at) 
values ('dk3u3aa9t3bf', 'nvy558fis79c', '4949mt88npcq', 'b29ex8vpzdgp', 'issd7edat8ie', now(), null, null);
insert into employee_role (uuid, employee_id, role_id, school_id, createdby_userid, created_at, updatedby_userid, updated_at) 
values ('wvgktdz3hcoy', 'qt66gt72bnrh', '7328zavje8kn', 'b29ex8vpzdgp', 'issd7edat8ie', now(), null, null);
insert into employee_role (uuid, employee_id, role_id, school_id, createdby_userid, created_at, updatedby_userid, updated_at) 
values ('lcy7um6jcqt9', 'mxpkx14doh1t', '2rb2yr5acdqn', 'b29ex8vpzdgp', 'issd7edat8ie', now(), null, null);
insert into employee_role (uuid, employee_id, role_id, school_id, createdby_userid, created_at, updatedby_userid, updated_at) 
values ('nql5vm31lhfr', 'issd7edat8ie', '937qdadesyts', 'b29ex8vpzdgp', 'issd7edat8ie', now(), null, null);
